:020000040800F2
:1000000080390020C9590008ED560008B55900088C
:10001000B5590008B5590008B5590008000000009E
:10002000000000000000000000000000C55A0008A9
:10003000B559000800000000915A0008596D0008E9
:10004000215C0008215C0008215C0008215C00089C
:10005000215C0008215C0008215C0008215C00088C
:10006000215C0008215C0008215C0008215C00087C
:10007000215C0008215C0008215C0008215C00086C
:10008000215C0008215C0008215C0008215C00085C
:10009000215C0008215C0008215C0008215C00084C
:1000A000215C0008215C0008215C0008215C00083C
:1000B000215C0008215C0008215C0008215C00082C
:1000C000215C0008215C0008215C0008215C00081C
:1000D000215C0008215C0008215C0008215C00080C
:0C00E000215C0008215C0008215C000885
:0400EC00FFFFFFFF14
:1000F0007BB972B90029BEBF00204FF0004106E075
:1001000008BF00281CBF6FF000414FF0FF3000F027
:1001100057B8ADF1080C6DE904CE002909DB002BBE
:100120001ADB00F04FF8DDF804E0DDE9022304B04B
:100130007047404261EB4101002B1BDB00F042F8AD
:10014000DDF804E0DDE9022304B0404261EB410147
:10015000524263EB43037047524263EB430300F0A8
:1001600031F8DDF804E0DDE9022304B0404261EB40
:1001700041017047524263EB430300F023F8DDF87E
:1001800004E0DDE9022304B0524263EB430370470D
:1001900053B94AB9002908BF00281CBF4FF0FF31EE
:1001A0004FF0FF3000F00CB8ADF1080C6DE904CE53
:1001B00000F008F8DDF804E0DDE9022304B0704740
:1001C000704700BF2DE9F04786468C460846154625
:1001D00074461946089E002B40F0C2808542B2FA50
:1001E00082F245D94AB1C2F1200300FA02FC2EFA8C
:1001F00003F3954043EA0C0C94404FEA154EBCFBC8
:10020000FEF8A8B20EFB18CC08FB00F9230C43EA59
:100210000C43994528D9EB1808F1FF3704D29945CA
:1002200002D9A8F102072B44A3EB0903B3FBFEFCA0
:100230000EFB1C330CFB00F0A4B244EA0344A042C2
:1002400014D92C190CF1FF3304D2A04202D9ACF11D
:1002500002032C44241A43EA07401EB10023D44071
:1002600034607360BDE8F0874746DDE76346F1E739
:1002700092BB0121431B4FEA154EB3FBFEFCAFB20C
:100280000EFB1C330CFB07F8200C40EA0343984597
:1002900062D9EB180CF1FF3004D2984502D9ACF1C9
:1002A00002002B44A3EB0803B3FBFEFC0EFB1C3344
:1002B0000CFB07F7A4B244EA0344A7424ED92C1919
:1002C0000CF1FF3304D2A74202D9ACF102032C4453
:1002D000E41B43EA0040C0E7C2F12003954020FA46
:1002E00003F12EFA03F34FEA154EB1FBFEFC9040EA
:1002F0000343AFB20EFB1C100CFB07F8190C41EACC
:100300000041884504FA02F422D969180CF1FF3043
:1003100004D2884502D9ACF102002944A1EB0801BE
:10032000B1FBFEFC0EFB1C110CFB07F79BB243EA72
:1003300001439F420ED9EB180CF1FF3104D29F42CA
:1003400002D9ACF102012B44DB1B41EA004192E7E8
:100350006046E3E76146F7E76046A3E76346B7E731
:10036000834206D916B9002108467BE7C6E900E0BA
:10037000F9E7B3FA83F78FB9834201D3724508D8FE
:10038000BEEB020460EB030301209C461EB9002172
:1003900068E73846FAE7C6E9004CF8E7C7F1200CF1
:1003A000BB4022FA0CF41C434FEA144920FA0CF328
:1003B000B3FBF9F8B8402EFA0CF101430EFA07F539
:1003C00009FB18301FFA84FE08FB0EFA0B0C43EAF7
:1003D00000439A4502FA07F240D9E31808F1FF30CA
:1003E00004D29A4502D9A8F102002344A3EB0A03E0
:1003F000B3FBF9F809FB183308FB0EFE89B241EA9A
:1004000003418E452CD9611808F1FF3304D28E4583
:1004100002D9A8F10203214443EA0040A0FB02985C
:10042000A1EB0E014145CE46434602D306D14D45D0
:1004300004D2B9EB020E68EB04030138002EA6D0FB
:10044000B5EB0E0261EB030101FA0CFC22FA07F393
:100450004CEA0303F940C6E9003198E74046C5E796
:100460004346D9E710F8012B11F8013B012A28BFB8
:100470009A42F7D0D01A7047034611F8012B03F8BF
:10048000012B002AF9D17047034613F8012B002AEB
:10049000FBD1181A013870472DE9F04F0446EBB034
:1004A00008460D461746FFF7EFFF431EBE2B06D941
:1004B0002046B2496BB0BDE8F04F09F055BB294664
:1004C000421C3AA80BF02BFE10AEAD493AA808F03A
:1004D000C9FC4FF000083546DFF8A49210B1B8F11E
:1004E0000E0F08D144F2010626FA08F616F00106AE
:1004F0000AD0A24967E046F8040B4946002008F1FB
:10050000010808F0AFFCE9E79E4BD5F800909E4942
:100510004846C4F83835FFF7A5FF002849D1B8F19F
:10052000020F31D1994F0DF11C0C0FCFACE80F0029
:100530000FCFACE80F0057F8043B0DF17808CCF86A
:100540000030C4460FCFACE80F000FCFACE80F006F
:100550003B686F68CCF8003007AD384655F8041B8F
:10056000FFF780FF60B9204658F8261009F09DFA81
:10057000E0B1204609F0A3FA00206BB0BDE8F08F8F
:100580000136092EE9D1B4E7B8F1010FB1D1204607
:1005900009F08BFA08B17E49EBE705227D49D4F8D2
:1005A00034050BF0DFFC0028E6D07949C4F8341597
:1005B000E2E7B8F1010F0AD148467749FFF752FF49
:1005C0000028D9D07549204609F0CEFAD5E7702227
:1005D00031461EA80BF0B1FD20AB4FF0FF32029365
:1005E0000023CDE9002301220023686801F0ECFF1D
:1005F0000028E7D048466A49FFF734FF98B9B8F1B8
:10060000020F10D1204609F050FA18B12046654972
:1006100009F055FA209BC4F820340023C4F8243490
:10062000C4F82834A8E7D4F82034002BCAD0DDE978
:100630002012002A08BF9942C4D148465A49FFF700
:1006400011FF824678BBB8F1030F2CD122AB4FF0DB
:10065000FF3202930023CDE9002301220023A86882
:1006600001F0B2FF38B1DDE92213D4F82424534558
:1006700008BF914201D04D49A5E794F8DB34C4F896
:100680002C74002B3FF478AF94F83035022B7FF4B4
:1006900073AF7822D4F8C83402FB0343C3F84C721A
:1006A000C4F8E07168E748464149FFF7DBFE82463F
:1006B000002840F08780B8F1040F40F0838022AB1F
:1006C0004FF0FF3202930023CDE9002301220023E3
:1006D000A86801F079FF0028CDD0DDE92223D4F805
:1006E000281491427AEB0303C5DA204609F0DDF9BC
:1006F00008B1304967E794F8DC340BB92E4962E75A
:100700003946204601F0DCFF064608B101465AE7AB
:1007100024AB4FF4FA7202930023CDE900230122A7
:100720000023E86801F050FF08B924494BE7229BF9
:10073000C4F83074C4F82834C4F82434249BC4F8B2
:100740002C74A4F85838D4F86833A4F85A68C4F85C
:100750003C38D4F86C33C4F85C68C4F84038D4F83A
:100760007033A4F86068C4F844380123A4F86638EC
:1007700084F83035124BC4F83435FDE677C90008EB
:100780007BCF00087DCF000880CF000810C500088F
:100790006CCF000885CF00088BCF000892CF0008EF
:1007A0009ACF0008A0CF000872C90008B0CF000897
:1007B000B4CF0008B9CF00089CCD000869CE00086E
:1007C000BECF00084846AB49FFF74CFE82460028E2
:1007D00040F04281B8F10B0F40F03E8194F866384A
:1007E0000BB9A549EFE622AB4FF0FF32029300238D
:1007F000CDE9002301220023A86801F0E5FE0028CE
:10080000EFD0DDE92213D4F82424534508BF9142E8
:10081000E7D124AB40F2F31202930023CDE9002389
:1008200000220023E86801F0CFFE0028D9D0DDE9DE
:100830002412B4F85A38524508BF9942D1D1B4F8BD
:1008400058289A42CDD9B4F860381F2BC9D818223D
:10085000514607A80BF071FC0DF14C090DF11C0875
:1008600026AF04F55C7504F55F7B0023834A02978D
:10087000CDE900234FF0FF33814A59F8040FBA46FF
:1008800001F0A2FE08B97F499DE655F8043FDAE978
:100890000020991840EBE370D5F8C834DFF8DCC1CC
:1008A000CA1ADFF8E4E160EBE37311EB0C0C40F1E2
:1008B0000000E6454FF0000C7CEB000C07F1080748
:1008C000E1D3002B02DA524263EB43030020DFF84E
:1008D000BCC1944570EB030CD5DB96429841B8BF80
:1008E0001646AB4548F8041BBFD1002E3FF41DAFA0
:1008F000079AD4F83C389A427FF417AF4FF47A72D3
:10090000204607A901F05CFF00283FF40EAF2CAB96
:100910004FF4C862029300231798CDE900233222D6
:10092000002301F051FE08B959494CE62EAB029361
:100930001898DDE92C23CDE900233222002301F0B1
:1009400043FE0028F0D030AB02931998DDE92C2348
:10095000CDE900233222002301F036FE0028E3D047
:1009600032AB029300234B4A1A98CDE9002332227E
:10097000002301F029FE0028D6D0B4F85A7827B910
:10098000DDE92E32323B1343CED1DDE93052B4F8EB
:1009900058187B1C8B4203D1A5F132031343C3D1FA
:1009A000DDE92E83DDE9329C08FB03F0A8FB08316A
:1009B0006A4301EB4001A5FB05E0B3EB0E0300EB3E
:1009C000420261EB0201002902DA5B4261EB410164
:1009D000A6FB092006FB0C00921840419A42884170
:1009E000A2DBDDF8B0B04A464146584608F0C0FFE9
:1009F0004A4682462946584608F0BAFF8244B24524
:100A000092D81823B4F860C8ADF83050B4F85E58E6
:100A1000ADF82CB0654405F01F0503FB0545ADF8A6
:100A20002E80CDF8289005F23C5507AE0FCE0FC5AD
:100A300096E803000CF1010C013707AB85E80300D1
:100A400003CBA4F860C8A4F85A78C4F83C08C4F8EA
:100A50004018C4F844288FE548460F49FFF702FDC7
:100A6000002857D1B8F1030F54D194F86638BBB9B8
:100A70000A49A8E5CBCF0008CFCF000800093D0008
:100A800000F7C2FFDDCF000800127A0040420F00DD
:100A9000E4CF0008400D0300F1CF0008F4CF0008B8
:100AA00094F86768002EE3D122AB4FF0FF32029337
:100AB0000023CDE9002301220023A86801F084FD72
:100AC0000028D5D0DDE92213D4F82424B34208BF8E
:100AD0009142CDD1B4F85838B4F86028202B28BF03
:100AE00020239A42C4D33946204601F0E9FD01464D
:100AF00000287FF468AD2046C4F83074C4F82C7424
:100B000002F0D6FA00283FF410AEB04B0120C4F832
:100B1000343532E54846AE49FFF7A4FC002837D10A
:100B2000B8F1040F40F0A980AE68AA493046FFF73B
:100B300099FC30B13046A849FFF794FC30B3A7497F
:100B400041E5012624AB012202930023CDE90023D5
:100B500000220023E86801F037FD0028EFD020468E
:100B600008F0A3FF0028EAD194F8DD34002BE6D189
:100B7000DDE924210A4314BF012200220320C4F826
:100B8000D06484F8DE2484F8DC34F6E40226D9E765
:100B900048469349FFF766FC002835D1B8F1040FA9
:100BA0006BD1AF688F493846FFF75CFC60B13846BF
:100BB0008849FFF757FC30B138468749FFF752FCA8
:100BC00000B38949FFE4012624AB012202930023EC
:100BD000CDE9002300220023E86801F0F5FC00289D
:100BE000EFD0204608F061FF0028EAD1DDE9243289
:100BF000134314BF01230023264486F8D43484F819
:100C0000DC04B9E40226DFE748467849FFF72AFC0E
:100C1000002832D1B8F1040F2FD1204608F045FF4B
:100C2000064608B17249CEE422AB012202930023AA
:100C3000CDE9002300220023A86801F0C5FC0028AC
:100C4000F0D024AB4FF4807202930023CDE900234F
:100C500010220023E86801F0B7FC0028E2D0DDE9AB
:100C60002232134314BF0123002384F8A834249BA9
:100C700084F8DC64C4F8AC347EE448465D49FFF790
:100C8000F1FB002800F0CA8048465B49FFF7EAFB09
:100C9000002800F0D08048465849FFF7E3FB0028C1
:100CA00000F0D68048465649FFF7DCFB002800F0EC
:100CB0003B8148465349FFF7D5FB8246002800F0A8
:100CC000188348465049FFF7CDFB814600287FF442
:100CD00010ACB8F1070F7FF40CAC22AB4FF0FF3231
:100CE00002930023CDE9002301220023A86801F02C
:100CF0006BFC00283FF4BFACDDE92223D4F82814B4
:100D0000914279EB0303BFF6B6AC204608F0CDFE66
:100D100000287FF4EEAC94F8DC34002B3FF4EEAC0A
:100D20003946204601F0CCFC014600287FF44BAC4C
:100D300012A90DF1900804F55C7B0023334ACDF82D
:100D40000880CDE9002351F8040F4FF0FF33304AFB
:100D5000059101F039FCC146059900283FF493AD97
:100D6000D9E900324FF0000A5BF8040FDFF8A4C0A5
:100D7000C31842EBE072254808F10808181842F140
:100D8000000284457AEB0202FFF47DAD0DF11C09EF
:100D900049F826300136032ECFD12AAB4FF4C86272
:100DA00002930023CDE9002332220023A86901F039
:100DB0000BFC40B14FF47A724946204601F000FD29
:100DC000002840F045831449FFF7FDBB06D000081A
:100DD00013D0000818D000081BD000081ED000084F
:100DE0002CD0000830D0000832D000083FD00008D6
:100DF00046D0000856D000085BD0000860D000083C
:100E000065D000086AD00008AED0000800093D0097
:100E100000F7C2FF00127A0048CE0008204608F012
:100E200044FE00287FF465ACB8F1090F00F058814A
:100E3000A449FFF7C8BB204608F037FE00287FF41E
:100E400058ACB8F1070F00F0C9819F49FFF7BBBB51
:100E5000204608F02AFE00287FF44BACB8F1050FBD
:100E600040F01C820027994E22ABCDE90067029327
:100E7000974A4FF0FF33A86801F0A6FB002800F066
:100E80000D82CDE9006724AB0293914A4FF0FF3306
:100E9000E86801F099FB002800F0008226AB02937D
:100EA00000238C4ACDE9002364220023286901F045
:100EB0008BFB002800F0F281DDE92212D4F8D83350
:100EC00003F5FA63D8178B42904180F2E781D4F89A
:100ED000E033A3F5FA63D8179942824180F2DE81AC
:100EE000DDE92403D4F8DC2302F5FA62D517824247
:100EF0009D4180F2D381D4F8E423A2F5FA62D5179C
:100F0000904273EB050580F2C98142F20F7244F6FC
:100F10001F66821843F10005B24275F1000580F0AA
:100F2000C0816D49FFF74FBB204608F0BEFD002889
:100F30007FF4DFAB4FF4306323FA08F3DB0740F1B3
:100F4000C78122AB4FF4487202930023CDE90023FE
:100F500064220023A86801F037FB002800F0B88164
:100F600024AB4FF4C85202930023CDE9002364223E
:100F70000023E86801F028FB002800F0A981002781
:100F8000564E26ABCDE9006702934FF480720023E2
:100F9000286901F019FB002800F09A81CDE900676B
:100FA00028AB02934FF480720023686901F00CFBB8
:100FB000002800F08D814FF400560027CDE900672E
:100FC0002AAB029320220023A86901F0FDFA002831
:100FD00000F07E81CDE900672CAB02932022002334
:100FE000E86901F0F1FA002800F07281DDE92A03D6
:100FF000DDE926128842934180F26A81DDE92C0303
:10100000DDE928128842934180F26281DDE92423E0
:10101000B8F1080F2BD9CDE900232EA90291322275
:101020000023286A01F0D0FA002800F05181B8F1BD
:101030000B0F1CD130AB4FF4C86202930023CDE9F3
:10104000002364220023686A01F0BEFA002800F041
:101050003F8132AB0293DDE93023CDE90023322218
:101060000023A86A01F0B0FA002800F03181269A26
:10107000229BC4F81024289A2499C4F814242A9A8C
:10108000B8F1080FC4F818242C9AC4F8FC33C4F83B
:101090001C24D4F8CC24C4F8081442F00802C4F884
:1010A000CC2440F218812E9AB8F10B0FC4F80C240E
:1010B00000F01A81C82BC4F8003428BFC823C4F834
:1010C000043486E0AFCE000881D0000820BF0200C3
:1010D000E040FDFFA08601008BD0000840420F00D9
:1010E00022AB02930023A04ACDE900234FF0FF3347
:1010F0009E4AA86801F068FA00283FF499AE24AB34
:10110000029397A3D3E90023CDE900234FF4806233
:101110000023E86801F058FA00283FF489AE002760
:10112000934E26ABCDE9006702934FF48062002313
:10113000286901F049FA00283FF47AAECDE900674A
:1011400028AB02934FF480620023686901F03CFAF7
:1011500000283FF46DAE4FF00308202600270DF164
:1011600054092AADCDE9006702950122002359F800
:10117000040F01F029FA58B1D5E90020531E40F1BF
:10118000FF31134001EA0002134305F1080502D0C4
:101190007849FFF718BAB8F10108E3D1229BC4F8E7
:1011A000F033249BC4F8C0332A9BC4F8CC33269B6D
:1011B000C4F8C4332C9BC4F8D033289BC4F8C8337C
:1011C0002E9BC4F8D433D4F8CC3443F00103C4F8D4
:1011D000CC34002384F8DC34FFF7CEB94FF0020A98
:1011E00000274FF0FF39644EDFF89081CDE90067AA
:1011F0001EAB03EBCA03029342464B4655F82A0046
:1012000001F0E2F910B95E49FFF7DDB90AF1010A10
:10121000BAF1060FEAD12AAB02930023524ACDE974
:10122000002300220023A86901F0CEF998B3DDE97C
:101230002271DDE924030025C21B63EB0103514940
:10124000514E521863F10003964275EB0303FFF40D
:10125000FCADC4F8D873DDE926730593DDF814C03E
:10126000C4F8E003DDE92803C21B63EB0C0352184A
:1012700063F10003964275EB0303FFF4E6AD2A9B8E
:10128000C4F8DC73C4F8F433D4F8CC34C4F8E40301
:1012900043F002039BE73D49FFF795B93C49FFF74F
:1012A00092B9002B024602DA424263EB4303394D06
:1012B00095424FF000029A41FFF633AE269BC4E9F7
:1012C000FA10C4F8F833D4F8CC3443F004037EE7C2
:1012D0003149FFF778B9D4F80C248A4294BFC4F896
:1012E0000C24C4F80C14E5E6309BC4F80034329B9F
:1012F000E5E6B8F1030F7FF4E4AC22AB4FF0FF3228
:1013000002930023CDE9002301220023A86801F005
:101310005BF900283FF4AFA9DDE92253D4F8282473
:10132000AA427AEB0303BFF6A6A9204608F0BDFB4C
:1013300000287FF4DEA93946204601F0C1F90146B4
:1013400000287FF440A9D4F8CC340F2B03D1D4F873
:101350004034013324D11149FFF735B9AFF3008090
:1013600000E1F5050000000080841E00807BE1FFA5
:1013700040420F006FD0000820BF0200E040FDFF98
:1013800079D00008F0D8FFFF305705007FD0000863
:1013900086D000081098020099D00008A0D000085C
:1013A0004FF0FF330122C4F80835002384F8DB2412
:1013B0002246C4F82854C4F82454C4F83074C4F83D
:1013C0002C74C4F81035C4F8F034C4F8EC3484F844
:1013D000DC3484F8A934A4F8AA34C4F8C434C4F8BA
:1013E000C034C4F8B433C4F8B833C4F8BC33C4F858
:1013F000A833C4F8AC33C4F8B03304F5B47182F840
:10140000013282F8003282F8023282F82032C2E9D8
:10141000893378328A42F2D1204601F017F9D4F8A4
:101420008424D4F88034002A02DA5B4262EB420260
:101430001A498B4272F1000202DB1949FFF7C3B867
:101440003B4601220021204601F042FBFFF795B800
:10145000229B4946C4F82834C4F824344FF0FF33A3
:101460002046C4F808352A9A5346C4F83074C4F8A4
:101470002C74C4F810A500F0A1FF022802D109497C
:10148000FFF7A1B894F8DA14074B084A002918BFEF
:101490001346C4F83435FFF770B800BF01000004EC
:1014A000B8CE0008B3D0000853CE000874CF0008AF
:1014B00008B505F017FD05F015FD084B1B68C01AAF
:1014C000B0F5616F08D24823B0FBF3F0BDE80840E7
:1014D000C0F132000AF05FBB08BD00BFF40D002070
:1014E00038B5074B1B7823B1064D441E14F8011F75
:1014F00001B938BDAB6803485B689847F6E700BFA1
:101500006418002048C300081FB500230C4602934E
:10151000174B184A19680023A0FB0101FEF738FE9B
:10152000154B002C019314BF0023032301380090B6
:10153000039312480099836842681268914214D854
:1015400069469B69984710F13E0F09D154B90C4A7E
:101550001368591C1CBF01331360002004B010BD78
:101560000028FAD0074B1860F8E76FF01500F9E78C
:10157000FC0D002040420F00DD18000870C3000879
:10158000EC0D0020E00D00202DE9F0430025A846D9
:10159000144E154F85B03068CDF80C80836803A9D0
:1015A0005B6898470446D8B9039C96F80490337B4F
:1015B00024FA09F9DC4009F0010904F0010408F0FB
:1015C000B8F92946009023464A463846013501F0CD
:1015D00035FB032D06F11006DDD105B0BDE8F08323
:1015E0008146ECE780C50008D80200202DE9F047CD
:1015F0001D481E4F83685B68984700221C4B1A7079
:101600003B680BB1FFF754FF00251A4CDFF86880E8
:10161000DFF86890DFF868A00021204608F075F92F
:10162000064602200AF0B7FA56B1D8F80030B3B136
:1016300001235146114889F8DD3408F040FA05E0ED
:101640002179206808F050F90028EED10135032DEA
:1016500004F11804E0D100233B60BDE8F0870423C7
:10166000C8F80030E4E700BF70C30008E80D0020B0
:1016700065180020B0C50008E40D0020D802002045
:10168000DEC8000808B50146034808F018FABDE8AE
:101690000840FFF7ABBF00BFD802002010B5EFF342
:1016A0001184102383F31288BFF36F8F032807D1AF
:1016B00001220C4B1A7084F31188BFF36F8F10BD99
:1016C0000628F5D010F0FA00F5D1074A054B18703E
:1016D000136801331360054BC3F820040448FFF777
:1016E000D1FFE8E764180020F80D0020D8020020A0
:1016F000EFC800080122034B034883F8DD24FFF7FD
:10170000C1BF00BFD8020020F8C8000838B50D4698
:1017100001790068144608F0E7F8A8420CD0074B9E
:101720001A6802B91C600122054B064883F8DD24C3
:10173000FFF7A8FF002038BD0120FCE7E40D0020E2
:10174000D8020020DEC8000870B505460E461446D3
:1017500008F0DBF860B10B4B1A6802B91C6001227B
:10176000094B0A4883F8DD24FFF78CFF002070BD89
:1017700002200AF010FA224631462846BDE87040A1
:10178000FFF7C4BFE40D0020D8020020DEC8000827
:101790002DE9F041284B1B68002B32D1274E3378BE
:1017A0007BBB274B1D6865BB264C274F04220021BD
:1017B0002046FFF7ABFF20B30222002104F1100006
:1017C000FFF7A4FFE8B157F8043F05F10108002B2B
:1017D00004D14546032D1BD01834E7E7CCBF0121C7
:1017E00000211A4B01225B5D4546CB1A59425941F3
:1017F00004F10800FFF7A8FF032D07D018340028D4
:10180000D4D11348BDE8F041FFF73CBF0028F8D021
:1018100001214CF25030FFF777FE18B1BDE8F041DE
:10182000FFF768BF0B4883681B6898470028F5D10D
:1018300001233370BDE8F081E40D0020651800201D
:10184000E80D0020B0C500083C070020AC070020D0
:10185000DEC8000870C30008F8B51D4E1D4DEFF33B
:101860001184102383F31288BFF36F8FFFF78CFE70
:101870000022194B10461F469978E9B91979D9B950
:10188000597901320143032A01F0010003F1800379
:10189000F2D1304608F039F82B7823B197F8DA34D2
:1018A00063B9FFF7A3FE84F31188BFF36F8F0021A4
:1018B000142007F0A7F8D2E70121E2E708F039F891
:1018C0000146054801F052FB0028EAD0EBE700BFD3
:1018D00078C5000865180020D80200202DE9F84FCF
:1018E000EFF31186102383F31288BFF36F8F7F4BC2
:1018F0001D6845B17E48FFF7C5FE86F31188BFF32A
:101900006F8FBDE8F88F7B4FFFF73EFE3C68002CE1
:101910006ED0FFF7CDFDDFF8E081D7F8009029FA0F
:1019200005F3DB071AD40135032D08F11808F6D1A9
:101930000025724C3D6094F866388BB394F8673894
:1019400073B3D4F83424D4F838349A4228D12046DA
:1019500001F0AEFB50B9FFF749FECEE704220021AB
:101960004046FFF7F1FE0028DDD1C6E707F0E1FFB2
:101970000146204601F0FAFA0028ECD0604F04F24C
:10198000644858F8043F002B20D10135032D07F19E
:101990001807F6D15B4B1A68632A9CBF64221A6051
:1019A00094F8DA34002BD6D007F0C3FF0146534831
:1019B00001F0DCFA0028CED00021524B1868FFF766
:1019C000A3FD002899D0FFF795FE96E7CCBF012133
:1019D00000214D4B01225B5D3846A1EB030CDCF18D
:1019E000000141EB0C01FFF7AFFE0028CDD184E7E9
:1019F00007F09FFF0146414801F0B8FADFF8FC808C
:101A00000028A8D03C4DA246A94608F2644B022209
:101A1000002109F11000FFF779FE00283FF46DAFB7
:101A2000042200214846FFF771FE00283FF465AF0D
:101A30005BF8043F002B47D10AF1010ABAF1030F0A
:101A400009F11809E3D107F074FF01462B4802F0B1
:101A5000ADF92C4B4FEA5009A0EB50001860274815
:101A600002F0A8F898F8DA348246002B3FF473AFFE
:101A70002AFA04F3DB071CD54FF0010B3A680BFA86
:101A800004F313433B6005F02DFADFF88080032256
:101A9000C8F8000059462846FFF756FE00283FF4D4
:101AA0002CAF05F01FFA2146C8F80000134808F0D3
:101AB00067F80134032C05F11805D9D10F4802F05D
:101AC0004FF9002148467AE7CCBF012100210E4B97
:101AD000012213F80A30C81A4142414109F10800B5
:101AE000FFF714FE0028A7D107E700BFE40D002090
:101AF000DEC80008E80D0020B0C50008D8020020AC
:101B0000B8C50008F00D0020AC070020F40D00203F
:101B10002DE9F04FA548ADF62C2D00F003FFA448A9
:101B20000AF048F8002800F02A84A2480AF042F897
:101B3000002800F02484A0480AF03CF8002800F0B7
:101B40001E8400269D4F9E4CDFF8788220680AF0A4
:101B500031F8002800F01384A06804F108090AF0A5
:101B600029F8002800F00B84206904F110050AF020
:101B700021F8002800F003844FF4B011204607F04C
:101B800094FE002840F0FB834FF4B011484607F064
:101B90008CFE002840F0F3834FF4D011284607F064
:101BA00084FE002840F0EB833D46579028680AF0F9
:101BB00001F86290002800F0E2834146284607F0D1
:101BC00074FE002840F0DB83579B0835002B00F0A3
:101BD000E7820236062E04F1180407F11007B5D18A
:101BE0004FF4B011784807F060FE002840F0C7833A
:101BF0007048D0E90123DB6A002B00F0D4829847BB
:101C0000724B1860724B984204D00522714B1A60D7
:101C1000FFF770FD70480AF090F8704802F0F2FF8C
:101C20000446002840F0AB83034606468046EFF3A7
:101C30001181102282F31288BFF36F8F684A1268F5
:101C40006092684A127881F31188BFF36F8F6099B0
:101C50008B4200D13AB9584B9D682B68002B40F05D
:101C6000A4820026B0464FF48077534BDFF878917A
:101C70009B685893589B1B6863B34F480DF227210C
:101C8000984738BB9DF827320D2B21D00A2B40F006
:101C90003E83002E40F02383B8F1000F00F01F8335
:101CA0008AAD05F80860EFF31188102383F31288DA
:101CB000BFF36F8F4B4B1E78002E40F07E824B4857
:101CC000FFF7E0FC88F31188BFF36F8F4FF0000837
:101CD000013FCFD1EFF31187102383F31288BFF3B5
:101CE0006F8F434DFFF750FC2B7843B1DFF8BC906A
:101CF00099F8DA34002B40F02A83FFF777FC3D4B4C
:101D00001B6863B907F015FEDFF8A090014648464E
:101D100001F042FA012840F02483FFF739FD87F3F0
:101D20001188BFF36F8F07F004FE031B632B6190D4
:101D300040F230824FF4A0720021BAA80AF0FDF9F7
:101D4000EFF311836693102383F31288BFF36F8F31
:101D5000164CD4F8203420466793D4F82434689382
:101D6000D4F840346993D4F834346A93D4F83834CE
:101D70006B93214B1B686C93B4F858386D93B4F88F
:101D80005A386E93B4F85C386F93B4F86038C3F186
:101D900020037093D4F84C38719307F086FE002826
:101DA00040F0EB82124B1B7828E000BFD8020020E5
:101DB0000CC3000870C3000848C3000880C50008B1
:101DC000B0C500081000010078C50008FC0D002017
:101DD00040420F00E40D0020680200209D1600081C
:101DE000F80D00206418002077C90008EFC800082B
:101DF00065180020E80D0020EC0D0020639394F896
:101E0000DC34729394F8DD34739394F83135749321
:101E1000D4F834357593D4F80435769394F8DF34D8
:101E20007793D4F82035789394F828357993D4F8BB
:101E30002C357A93D4F808357B93D4F810357C93FD
:101E4000D4F80C357D93D4F814357E9394F830355E
:101E50007F93D4F8C834809394F8DA3443B107F010
:101E600068FD0146A24801F0A1FFA24BB3FBF0F3CD
:101E700000279F4CB946A2466493D4F8F033CDE9CD
:101E80005C778193D4F88034CDE95A778293D4F883
:101E9000C03404F5597B8393D4F8C434BAAD849329
:101EA00094F8A934CAAA859304F56273659304F281
:101EB000D3435F93904B5E9758975997DBF8100088
:101EC000DBF804108693091A45F8041BDBF81C1094
:101ED000659B091AA960F3E90201E2E90201216C9C
:101EE0006593C5F8C810DAF84412599BC5F8D410A8
:101EF00061694FEA490E003918BF012101FA09F161
:101F00000B43E1685993B1F1000C216918BF4FF000
:101F1000010C003918BF01215A9B4CEA410000FA1C
:101F20000EF00343DBF8440087926861DBF8500051
:101F30005A932862DAF824020BF1040BE862DAF80B
:101F400028020AF1780AA8639AF88801E8659AF8E5
:101F50008A01579BA8669AF889016867A0780028CB
:101F600018BF9C4620790CFA0EFC002818BF1946B1
:101F70000EF1010E5B9B01FA0EF141EA0C010B43DD
:101F800020465B9307F071FE5C9B00FA09F0034367
:101F90005C935F9B803419795D9B01FA09F10B43D7
:101FA0005D935F9B13F8011F5F93589B01FA09F142
:101FB0000B435893DBF80011869BC5F80011986815
:101FC000197B07F091FC431E584258415E9B00FA72
:101FD00009F014F87B1C034301FA09F15E9309F13F
:101FE0000109869BB9F1030F879A47EA010703F1BC
:101FF00018037FF463AF414B1C68414B1D68669B1F
:1020000083F31188BFF36F8F07F093FC759B4FF438
:10201000C061CDE953536C9B5293739BCDE9504300
:10202000719B4F93709B4E936F9B4D936E9B4C9304
:102030006D9B4B93859B4A93849B4993839B4893C9
:10204000829B4793819B46935E9B4593FD9B449364
:10205000FC9B4393FB9B4293649B4193809B4093E7
:102060007F9B3F93F29B3E93F19B3D93F09B3C9370
:102070007A9B3B93799B3A93789B3993EF9B389368
:10208000EE9B3793ED9B36937E9B35937D9B3493EC
:102090007C9B33937B9B3293769B3193779B3093DE
:1020A000599B2F935A9B2E936B9B2D936A9BCDE943
:1020B0002B73589B2A935D9B29935C9B28935B9B76
:1020C0002793DA9B2693D99B2593D89B2493D79B60
:1020D0002393D69B2293D59B2193D49B2093D39B70
:1020E0001F93D29B1E93CB9B1D93CA9B0AE000BFFC
:1020F000D802002040420F00B0C50008E40D0020C7
:10210000E00D00201C93C99B1B93C89B1A93C79B8F
:102110001993C69B1893C59B1793C49B1693C39B97
:102120001593C29B1493C19B1393C09B1293DDE93B
:10213000D023CDE91023DDE9CE23CDE90E23DDE95F
:10214000CC23CDE90C23BF9B8F4A0B93BE9B0A93F4
:10215000BD9B0993BC9B0893BB9B0793BA9B0693BB
:10216000749B0593699B0493729B0393639BCDE9D6
:102170000103689B0DF585600093679B06F080FE68
:1021800040F2FE530138984203D80DF58560FFF701
:10219000A7F9619C1420002106F034FC609B46E501
:1021A0000123579302E550682AE578480DF227216C
:1021B000984700283FF451AD53E5DFF8D4B1FFF75D
:1021C000E3F99BF80030734E23B196F8DA340BB97B
:1021D000FFF70CFA07F0ADFB294602466D48FEF703
:1021E0005BF9032882467CD16B4BD6F8D054196832
:1021F0009BF8003063B10021664801F079FEFFF7DB
:10220000F5F9664B634A4FF0020AC2F838352BE005
:10221000634B1B681943EED118235D43DFF884B18B
:1022200004220BEB0500FFF771FA0028E3D010350C
:102230005D44284696F8DE1407F067FB83460220CB
:1022400009F0A9FCBBF1000FD5D196F8DE142846A1
:1022500081F001010222FFF759FA054601464D4877
:1022600001F046FE002DCAD04F4ABAAB1068516843
:10227000BAAA03C300234D498AA8CDE9BC3306F0AE
:102280002BFEBAAA12F8013B33B1413B192BF9D905
:102290004749BAA8FEF7F0F83E4ABAADD2F8383549
:1022A00001950393BAF1020318BF01230293D2F8F8
:1022B0002434C0210093D2F820340DF585603D4AC6
:1022C00006F0DEFD88F31188BFF36F8F3A49284688
:1022D000FEF7C8F818B10DF58560FFF701F9002683
:1022E000F4E4012808D1FFF753FA96F8DD34002B07
:1022F000BAD0D6F8343585E796F8DA34002BB3D166
:102300009BF80030002BAFD0FFF770F9ACE7002E40
:102310007FF4DEACB8F1BE0F03D8A3F120025E2A31
:102320000FD9EFF31185102383F31288BFF36F8F5A
:102330004846FFF7A7F985F31188BFF36F8F629EB8
:10234000C4E48AAA02F8083008F10108C0E407F0E2
:10235000F0FA0146484600F009FE00283FF4CDACF3
:10236000CDE499F8DA34002B7FF4D9AC2B78002B2C
:102370003FF4D5ACFFF73AF9D1E401233EE5002064
:102380000DF62C2DBDE8F08F87C9000848C3000862
:1023900065180020D8020020E40D002004C90008C0
:1023A000E80D0020B0C5000860C5000810C900088D
:1023B00015C900081DC9000872C900082DE9F74FAA
:1023C0000027044699460B1FC0F83874C0F83474CF
:1023D000C0F83C24C0F80075019300F5597500F56C
:1023E000896E00F58C6A019BDFF808B153F8046F21
:1023F000019355F8043FF017B6EB030C60EBE37064
:1024000006F5741303F510635B4503D9022003B08E
:10241000BDE8F08F00286346834603DADCF1000351
:1024200060EB400BDFF8D080984577EB0B0BEDDBD2
:10243000BCF1010FAE6170F10006ACBF01260026B1
:102440004FF0000B4FF0000CA6EBD070C5F8000168
:10245000C5F8DC30EEE902BCD4F83804834288BF0A
:10246000C4F83834D645BED140F24E235A43D4F88E
:1024700038049042CAD8D4F86834D4F87053C4F8F9
:102480007434D4F86C34D4F88064C4F878348B682D
:102490004968DA175B1B62EBE572D4F86C53CF170F
:1024A000491B67EBE577D4F8845412054D4307FBCD
:1024B0000655A6FB016142EA13321B059B1B0D4426
:1024C00062EB0502012B72F10003ACBF0123002374
:1024D000B9F1000FA3EBD273C4F87C340CBF012315
:1024E0000323003818BF012084F8303584F8DA045B
:1024F0008DE700BF00127A0040420F0070B5002641
:10250000044600F5926518223146C0F86864C0F8A8
:102510006C64C0F87064284609F00FFE182231463A
:1025200004F58A6009F009FED4F8C834D4F8A02173
:10253000ABB95242C4F8682400234FF48012C5E9B5
:10254000002345E90223D4F8A001D4F8DC31003897
:1025500018BF0120C4F8FC3484F8DA0470BD03F518
:102560008D7144F821204FF48010002103F1920274
:1025700004EBC202012BC2E9000145E90201E2D1EC
:10258000D4F88034D4F88424012B72F10001ACBF5C
:1025900001210021D4F86C04A1EBD2714143002A3F
:1025A000C4F8701402DA5B4262EB42020549C4F8D7
:1025B000A0348B4272F10001C4F8A424A8BF45E9FD
:1025C0000232C0E7010010002DE9F74F1C46DDE99B
:1025D0000CA80378834616460E9F1BB9002003B053
:1025E000BDE8F08F2D2B03D0A3F13002092AF5D8D6
:1025F0002D2B0CBF5A46ABF1010212F8013FFBB97B
:1026000009F000FE0546DFF840900A2240F8093044
:1026100001A9584606F080FC55F80930002BDDD1A1
:10262000019B1B78002BD9D1B04271EB0404D5DBA0
:10263000824578EB0108D1DBC7E900010120CEE734
:10264000303B092BD9D9C9E70C000000F8B590F848
:10265000A934044643BBD0F8B8230AB9D0F8C42340
:10266000D4F8BC330BB9D4F8C833D4F8F063F017FE
:10267000A6FB036103FB0011104B0905A2FB03231A
:1026800051EA16314FEA52004FEA065540EAC3704C
:102690004FEA630709D4281841EB0701FDF728FD2D
:1026A000C4F88004C4F88414F8BD401B67EB010132
:1026B000FDF71EFD404261EB4101F1E740420F0092
:1026C0002DE9F04190F8DD3404460E46002B61D12F
:1026D0000546074600F1030897F8D734391B002B4D
:1026E0005AD06B69B3B1D4F808358B4203D1D4F812
:1026F0001035042B0BD02046C4F8081507F021F93B
:102700000423C4F80C05C4F81035C4F81465254832
:10271000BDE8F0816B79ABB1D4F808358B4203D1B9
:10272000D4F81035022B0BD02046C4F8081507F05A
:1027300008F90223C4F80C05C4F81035C4F8146570
:102740001948E5E7EB68B3B12B69A3B194F8DF341E
:102750008BB9204607F01BF968B12046C4F808156C
:1027600007F0EFF80123C4F80C05C4F810350F4842
:10277000C4F81465CCE7284607F077FA70B16B6AA5
:10278000F31A1E2B0CD80137474505F18005A3D15C
:102790000020BDE70648BBE70648B9E70648B7E7AB
:1027A0000648B5E754CD00088FCD000885CD000858
:1027B00004C900085ECD000874CD000867CD00088C
:1027C0002DE9F84305468846D0F874030968164693
:1027D000CA17091A62EBE072002A4FF00003C0F238
:1027E0009880D5F8A803884273EB0202C0F2938068
:1027F0004FF47A20D5F87813D8F80440E217641A19
:1028000062EBE172A4FB004100FB0211D5F8B82392
:1028100099424FEA52005DDB201841F10001FDF7BB
:1028200067FC04460F464FF47A20D5F87C13D8F89D
:102830000830DA175B1A62EBE172A3FB003100FB90
:102840000211D5F8BC2300294FEA52004BDB1818BF
:1028500041F100010023FDF74BFC80468946D5F885
:10286000F0332E4803FB07F1DA1704FB0211A3FB38
:102870000432891842D41818294A4FF0000341F154
:102880000001FDF735FCD5F8D8333344DA179C4204
:1028900077EB02023DDBD5F8E0339B1BDA17A3424E
:1028A000BA4136DBD5F8DC33B8EB0008334469EBCA
:1028B0000109DA17984579EB02022ADBD5F8E433EF
:1028C0009B1BDA17434572EB0902ACBF01200020C5
:1028D000BDE8F883001B61EB4101FDF709FC4442B0
:1028E00061EB41079FE7C01A61EB41010023FDF74F
:1028F000FFFBD0F1000861EB4109B0E7C01A61EBC2
:1029000041010023064AFDF7F3FB404261EB410120
:10291000B9E70020DCE71846DAE700BF20A107008E
:1029200040420F0038B540F668020021044609F025
:1029300004FC4FF0FF330125C4F80835204607F0AA
:102940008DF984F8D75484F8D45404F1800007F04A
:1029500085F984F8D85484F8D55404F5807007F0CC
:102960007DF9002384F8D95484F8D63404F5C07076
:1029700007F074F94FF4C81243F255534FF4204155
:10298000C4E9F0231023C4E9F21308231D4AC4E963
:10299000F4331D4B1D48C4E9F723C4F8E4334AF669
:1029A000C873C4E9FB30802384F8A854C4F8AC345D
:1029B00040F6B835C823C4E9FE53C4F8043449F6D8
:1029C0004043C4F8D8234FF49652C4F81034104B47
:1029D000C4F80824C4F814344FF400734FF4C872D8
:1029E000C4F818344FF48063C4F80C244FF44872D0
:1029F000C4F81C34074BC4F80024C4F83835C4F8B4
:102A0000343538BD70A0FEFF905F010055581400AA
:102A1000E09304009CCD0008F8B50446164600EB90
:102A2000C112D0681D4694F82875CB0108B112690F
:102A3000E2B9021E18BF0122234493F802C0944554
:102A400014D11A6993F804C0131E18BF01239C45C2
:102A50000CD10EB1024309D137B1D4F82C358B42D9
:102A600002D1002384F82835012014E01FB1D4F8E6
:102A70002C358B4206D00123C4F82455C4F82C15FC
:102A800084F828350F4BC4F83435D4F82435EB1AC4
:102A9000C72B01D80020F8BDC4F80815204606F061
:102AA00050FF07230849C4F81035084BC4F80C053B
:102AB000002E18BF19462046C4F8145506F0FFFF33
:102AC000E8E700BFCDCD0008B2CD0008A9CD0008D1
:102AD0002DE9FF411646002204460D461F46FFF72A
:102AE0009BFF48B994F8DB6486F001067600F6B2E5
:102AF000304604B0BDE8F081012D07D13B462A469F
:102B000002212046FFF788FF0028EBD002234FF078
:102B1000000884F8316504F5C076802284F83035E9
:102B2000304684F82885C4F8C85404EBC51109F070
:102B3000F6FA00220023C4F8A081C4E97C23C4E98A
:102B40007A2395BB4FF47A7294F8D434D4F814C431
:102B500083F0010384F88031D4F80C34D4F81CE4F9
:102B6000C4F83832D4F80834C4F84C7204F5007054
:102B7000039704EB8501D1F8CC13CDF800C0CDE963
:102B800001E1314601F052FA782202FB0545D4F802
:102B90002C340228C4F8E0310646C5F84C3230D156
:102BA0002046244906F08BFFA2E7631993F8D4343A
:102BB000022D84F880314FF0780303FB0543C3F8FE
:102BC0004C7211D1D4F80434D4F8E423C4F8283377
:102BD000D4F8DC3304F53C70D21AD4F80034D4F8BD
:102BE00010C4D4F818E4C3E73223D4F8E023C4F8BF
:102BF000B032D4F8D83304F51E70D21AD4F8FC33AE
:102C0000EDE7D4F8A03163B994F8F831022B01D084
:102C10000B2B06D1204606F094FEC4F81C75C4F8B0
:102C200018052046044BC4F8343504B0BDE8F04123
:102C3000FFF764BCDCCD0008E6CD00082DE9F74FB6
:102C4000022904460D4691461F460C9E00F26881FB
:102C500000EBC11898F80530D8F80CB04FEAC11A4B
:102C60000193BBF1000F06D0D8F81030B3F1000B80
:102C700018BF4FF0010B04EB0A035B693A4600935F
:102C800049463346404607F02EF8019B002B69D198
:102C900098F80530002B6BD1009B002B64D004EB1F
:102CA0000A035B69002B40F08C8094F8DC34002B25
:102CB00000F09A80B9F1010F00F0A38094F8DB34A2
:102CC000002B00F02D8194F83035022B04D1D4F87C
:102CD000C834012B00F03E8194F831350A2B40F0C6
:102CE000FA80022D40F0F780B9F1010F02D0012FD8
:102CF00040F0F18094F8DF3453BB94F8DA244FF0BD
:102D00000108C4F8EC34C4F8F03484F8293584F8A8
:102D1000DA34022384F8E024D4F8A021C4F808357A
:102D2000C4F8E42494F8F821204684F8E824C4F890
:102D3000F864C4F8F46484F8DF8406F002FE874B7C
:102D4000C4F80C05C4F81085C4F81465C4F834350B
:102D5000D4F8EC3443F00403C4F8EC34012384F8D1
:102D60002935B8E0009B3BBB04EB0A035B691BB34E
:102D700004EB0A035A692046002A14BF04230223E5
:102D8000C4F808550093019206F0DBFD009BC4F8DF
:102D90000C05C4F810352046C4F8146506F085FE0D
:102DA00050B994F8DC343BB96D4B6E49019A002A56
:102DB00018BF0B46C4F8343598F80530002B3FF4A3
:102DC0006EAF204606F071FE10B994F8DC345BB1AA
:102DD000A244DAF81410624A624B204600290CBF64
:102DE0001146194606F06BFE94F8DB34002B00F018
:102DF0009780B9F1010F7FF466AF012F7FF463AFC5
:102E000015E0012F7FF45AAF2046C4F8085506F0AC
:102E100098FD5549C4F80C05C4F810752046C4F84F
:102E2000146506F04CFE94F8DB34002B78D098F84B
:102E3000058094F830A5B8F1000F7FF444AF29461F
:102E4000204606F0A4FD00286DD0BAF1020F08D18B
:102E5000D4F8C834012B04D1A91ED1F1000848EBE5
:102E6000010894F8DF344BBB4FF0010A94F8DA24E0
:102E7000C4F8EC3484F8E024D4F8A021C4F8F03489
:102E8000C4F8E42494F8F82184F8293584F8DA3475
:102E9000204684F8E824C4F8F864C4F8F46484F89C
:102EA000DFA4C4F8085506F04CFD2C4BC4F80C0503
:102EB000C4F810A5C4F81465C4F834350122D4F858
:102EC000EC34AA401343C4F8EC3494F8293548EAAA
:102ED000030884F8298594F83035022B20D1D4F8E2
:102EE000C834AB421CD1D4F8A05133463A464946C7
:102EF00004F5C07006F0F7FE95B1D4F8A0317BB9A7
:102F000094F8DF3463B994F8F831022B01D00B2B1D
:102F100006D1204606F015FDC4F81C65C4F8180556
:102F200003B0BDE8F08FBBF1000FD4D1D4F8203549
:102F300020465A1C1CBF0133C4F82035C4F808557C
:102F400006F0FFFC0623C4F80C05C4F81035C4F8DD
:102F50001465C0E7022DC2D1C6E600BFF3CD00085C
:102F60008FCD000854CD000885CD00082DE9F04133
:102F700090F8DA6404460D46002E3DD0FFF7A0FB22
:102F80000146B0BBD4F82C34EB1AB3F5AF7F2FD287
:102F9000D4F8303494F8DB04EA1A3B493B4B002860
:102FA00018BF0B469A422BD2D4F86833384A03F53F
:102FB000741303F6FF03934224D8D4F86C3303F55B
:102FC000741303F6FF0393421CD8D4F8703303F54F
:102FD000741303F6FF03934214D894F83075022F4C
:102FE0001AD1D4F8A0317BB9002384F8DA3403E095
:102FF0002849204606F063FD00263046BDE8F081F2
:103000002549F6E72549F4E7294604F5C07006F09E
:10301000EEFE0028F1D1E7E794F831350A2B0DD107
:1030200001212046D4F86C2406F0D6FC30B10023F0
:1030300084F8DA34012384F8AA34DDE7002504F5A6
:103040008E6858F8042F2946204606F0C5FC024633
:1030500040B12DB11249134B012D08BF1946C8E7E5
:103060001149C6E70135032DEBD1012FC5D194F8E5
:10307000DC3433B1204604F55A71FFF7A1FB002878
:10308000BBD10A49B5E700BF40771B00C027090044
:10309000FE117A0003CE000812CE00081ECE0008F2
:1030A0002ECE00083FCE000837CE000848CE0008DC
:1030B0002DE9F84F90F866780446DFB190F867384C
:1030C00053B1D0F83424D0F838349A4212D3B0F83F
:1030D0005C380133A0F85C38B4F85C28B4F8583890
:1030E0009A420BD1002384F8DA34A4F86638274BCF
:1030F000C4F8343500273846BDE8F88FB4F8606866
:103100005EB9D4F84C3822495A1C1CBF0133C4F8AC
:103110004C38204606F0D3FCECE71821B4F85E5892
:103120000023694304EB0108B8F84C9501F23C51C7
:103130004A4621442046FFF741F9D8F848B582466F
:10314000C4F848B8B8F84E155A46A4F86218B8F84A
:1031500050854846A4F8648806F00AFC5A46C4F82C
:1031600050084146484606F003FC0123013505F0AE
:103170001F05013E9A45C4F85408A4F85E58A4F807
:10318000606884F86738B6D00249C2E753CE0008B9
:103190005CCE000869CE00082DE9F04F90F8663843
:1031A00004460D4687B08BB190F8673873B9FFF7C6
:1031B00087FA014608BBD4F82C34EB1AB3F5AF7F7D
:1031C00020D20025284607B0BDE8F08F94F8DB3404
:1031D000002BF6D029462046FFF772FA014660B967
:1031E000D4F82C34EB1AB3F5AF7F0BD2D4F83034CB
:1031F000A24AEB1A934207D3A149204606F05FFC8E
:103200000225DFE79F49F8E794F8DF346BBB94F8B9
:103210003035022B40F07E827826D4F8C8042A4646
:1032200006FB004004F5C07100F5007000F05CFF83
:10323000D4F8C83406FB03F2A11891F800720B2FE2
:1032400040F0BA8091F80222062A0CD1C4F8083561
:103250000523C4F81035D4F81835C4F80C35D4F863
:103260001C35C4F814358849C7E7D4F8EC3413F09A
:10327000010618BF03269A0748BF46F00C065807F8
:10328000204648BF46F0300606F05BFBD4F8F03429
:1032900030409842C0F381031CBFC4F8F004C4F866
:1032A000F854032BD4F8F4344FEA1012A5EB0303BF
:1032B00006D1C72B85D903237449C4F810359CE780
:1032C000032AF6D0C72BF6D800F0030003283FF4FA
:1032D00078AFD4F8F834EB1A132B7FF672AF94F86A
:1032E0002935A3B1D4F80C3113B9D4F8103173B126
:1032F00002232046C4F8083506F023FB072364495F
:10330000C4F80C05C4F81035C4F8145575E700234B
:1033100084F8DF34D4F80435C4F8FC54591C1CBFBD
:103320000133C4F804355B4BC4F83435D4F8343475
:10333000C4F8003594F8E03484F8DA3494F8303581
:10334000022B06D094F8DA34002B3FF460AF01254D
:1033500038E7782094F8E824D4F8E41484F8F821C5
:10336000D4F8C824C4F8A01100FB02420020814216
:1033700082F8700216D0CCBF0121014694F880215A
:10338000914213D1D4F88C21002ADBD000222046B0
:10339000C4F8A02184F8F83106F0D3FAC4F81C551B
:1033A000C4F81805002384F8DA3430E7D4F89031F3
:1033B000002BC7D00B23E9E7012805D1204607B031
:1033C000BDE8F04FFFF79AB804282BD1D4F8A0211C
:1033D00093B95242C4F86824012384F8DA342D4B9F
:1033E000C4F8FC54C4F83435D4F804355A1CAED0B3
:1033F0000133C4F80435AAE703F58D71012B44F8B5
:103400002120E9D1D4F88034D4F88414012B71F14F
:103410000003ACBF01230023A3EBD1735343C4F8D3
:103420007034D9E702F50070204406F040FD834671
:1034300000287FF4C6AED4F8C89406FB0946D6F837
:1034400004A204EB8907C7F8A8A3B9F1000F76D14D
:10345000D4F8F42312B34FF47A27AAFB07B74B46EC
:10346000394658460192FCF793FE019A0646934569
:1034700077F10007884616D20749BEE640771B0061
:1034800012CE000803CE000886CE000876CE0008D3
:10349000A9CD0008E6CD000899CE0008D4F8C06395
:1034A000C846002EE8D0BF4BB3424FF0000373EB89
:1034B0000803E1D394F83135C4F8B463062B03D183
:1034C00094F8A934002B79D1D4F86833A3EB0A031C
:1034D000C4F8743394F83135062B52D02046FFF7E8
:1034E000B5F8D4F88424D4F88034002A02DA5B4298
:1034F00062EB4202AC498B4272F1000280F2088119
:10350000D4F86803D4F86C1303AB03C3D4F8700386
:1035100004F55A76186094F83135013B0B2B00F214
:103520004183DFE813F0FD000101320136028F0212
:1035300092020B033F033F038001AF0135014FF4BB
:103540007A20D7F8D433D7F8DC23AAFB0001D21AAB
:103550005B46FCF71DFE954A431E884661F100015B
:103560009A427BEB0101064686D3B9F1010FC7F8F9
:10357000B4031FD094F83135062BAFD194F8A93499
:10358000E3B9D4F8E833D4F8F013D4F8DC6383FB60
:103590000131002986484FEAE67880F28A80C01A15
:1035A00061EB41010023834AFCF7A2FD404261EB3D
:1035B000410186E094F8A934002B53D0D4F8C034EC
:1035C000D4F8B803DA17012B72F10001ACBF012760
:1035D0000027A7EBD277D4F8C424002B87FB027214
:1035E000A7FB007100FB02127249B8BF5B42A7FB48
:1035F00001C701FB0277D4F8BC13D817A3FB012342
:1036000001FB0033002F4FEA520040EAC3704FEA3B
:10361000630113DB1CEB000047EB0101FCF768FDC5
:103620000029034602DA434261EB4101624A9A42B1
:103630004FF000038B410BDA6049DEE5B0EB0C0084
:1036400061EB0701FCF754FD404261EB4101E7E704
:10365000C4F8F003B9F1000F3FF436AFB9F1010F30
:103660007FF438AFD4F8D803D4F86C7300FB08F1BA
:10367000C31706FB0311A0FB060689190DD410F52C
:10368000FA204FF47A224FF0000341F10001FCF7D9
:103690002FFD3F1AC4F878731CE7D0F5FA204FF4D9
:1036A0007A224FF0000361EB4101FCF721FD40421B
:1036B000EFE718183F4A4FF0000341F10001FCF713
:1036C00017FDD4F8BC33301848EB0108A3FB000108
:1036D00003FB08110029D4F870730DDB10F5FA20F4
:1036E0004FF47A224FF0000341F10001FCF700FD96
:1036F0003F1AC4F87C73F1E6D0F5FA204FF47A2231
:103700004FF0000361EB4101FCF7F2FC4042EFE7B0
:103710002B4972E594F8DA34002B3FF4F1AE50E512
:103720002B460222022136E0D4F8B033D4F87023BD
:10373000C4F8B03403EBD373C4F8B82402EB6302CB
:10374000C4F8BC24059A204602EB6302059203A943
:103750002A4606F0E2F930B994F8DB0480F0010063
:103760004000C5B22EE5032384F83135C822012379
:10377000204603A9FEF722FE022805467FF422AD6B
:103780002046104906F09BF91CE594F8A834DBB9F3
:103790002B4604220121204607B0BDE8F04FFFF779
:1037A00097B900BF00E1F505010000043F420F009A
:1037B00020A1070040420F0080841E00A6CE000812
:1037C000B8CE000855CF00082B4600220121204624
:1037D000FFF722F900283FF4F4AC2B460122022126
:1037E0002046FFF719F900283FF4EBACD4F86C330E
:1037F0000122C4F8B434002311462046C4F8C4346E
:10380000C4F8C034A4F8AA3406F0E6F8D4F8AC241E
:1038100000B15242049B134404930A2384F83135C7
:1038200001233222A4E794F8AA34E3B194F8AB342C
:103830000BB1C749E1E44FF48073D4F8AC24D4F859
:103840006C14A4F8AA34D4F8B434204601FB123323
:103850002A4603A9049306F060F901230028E0D169
:10386000A4F8AA34ADE4D4F86C33D4F8B4249B1A89
:10387000C4F8C0340F331E2B01D8B649BDE42B4623
:103880000B224FE76421D4F8B033D4F8B024D21A15
:10389000B3FBF1F3002AB8BF524204339A4201DD70
:1038A000AD49AAE4D4F8C024D4F8B834D4F870638D
:1038B000012AA6EB03064FEAE27373F10001ACBFE5
:1038C00001270027A7EBD37787FB0671002AB8BF33
:1038D00052420905D317500851EA1731C4F8C4649D
:1038E0004FEA075C40EAC3701CD41CEB000043EBBA
:1038F0000101FCF7FDFB002903460A4602DA4342B8
:1039000061EB4102954FBB4272F1000204F59063F6
:1039100002DA07360E2E0FD800210020C3E900017D
:103920008F496AE4B0EB0C0063EB0101FCF7E0FBAC
:10393000404261EB4101DEE7C4F880045960D4F8ED
:10394000F023D317012A73F10002ACBF0122002239
:103950000128A2EBD37271F10003ACBF0123002355
:10396000A3EBD1739A4201D07E4946E40126D4F8F4
:10397000B4342A460493D4F8BC34204684F8A964AD
:1039800003A9059306F0C9F800283FF41AAC0C23EC
:10399000EAE6D4F8E803D4F8B833C217A0FB030171
:1039A00003FB02110029D4F8786336DB10F5FA2006
:1039B0004FF47A224FF0000341F10001FCF798FB2D
:1039C000D4F86C333044D4F88424C1170490C01A5E
:1039D00000FB02F261EBE371D4F8803401FB0322B7
:1039E000A3FB0030121824D413F5002342F1000287
:1039F0001B0D43EA0233059A20461A44059203A997
:103A00002A4606F08AF800283FF4A6AE05234FF4B4
:103A1000C87284F831350123AAE6D0F5FA204FF4B4
:103A20007A224FF0000361EB4101FCF761FB404259
:103A3000C6E7D3F5002362EB42021B0D43EA0233D3
:103A40005B42D8E72B4606226CE6D4F8E833D4F87C
:103A5000F013D4F8EC6383FB0131002942484FEAAC
:103A6000E67840DB1818414A4FF0000341F10001AD
:103A7000FCF73EFBD4F8BC33301848EB0108A3FB3D
:103A8000000103FB08110029D4F87C7336DB10F524
:103A9000FA204FF47A224FF0000341F10001FCF7C5
:103AA00027FBD4F8B433D4F8F86307440597A6FB92
:103AB000036716F5FA204FF0000347F100014FF4B9
:103AC0007A22FCF715FB2A4BB3424FF00003BB41AF
:103AD00006DAD4F8A8335A08904271F1000119DBD4
:103AE0002449FFF78ABBC01A61EB410100231F4A3A
:103AF000FCF7FEFA404261EB4101BBE7D0F5FA204A
:103B00004FF47A224FF0000361EB4101FCF7F0FA29
:103B10004042C6E7D4F8742303A91344181A03904B
:103B20002A46204605F0F9FF00283FF415AE07238A
:103B30004FF4487284F83135012319E64FF47A7254
:103B400031462046FEF73CFEC0B90B49FFF755BB96
:103B5000C8CE0008DDCE0008F2CE00080100000447
:103B600002CF000817CF000820A1070040420F0035
:103B7000FF2FF20025CF000831CF0008002384F882
:103B8000DB34012384F8DC34D4F840340133C4F846
:103B900040344FF40063A4F83035044BC4F8343596
:103BA000FFF70FBB0249FFF728BB00BF3DCF00085E
:103BB00049CF00082DE9F04F90F830650446022EF9
:103BC00013BF4FF0000CD0F88854D0F88CC4D0F854
:103BD000385485B055EA0C033AD000224FF0010862
:103BE0009146D0F86803D4F86C1301AB03C3D4F842
:103BF00070030DF1040E186004F2444704F58A6363
:103C0000022E14BF4FF0000AD3E9101A186818BF2B
:103C10003968091858684AEB0000A94270EB0C0A91
:103C20001CD2C3E900100132032A03F108030EF18C
:103C3000040E07F10407E3D1012E1FD10022204614
:103C400001A9FEF7BDFDD8B94349204605F037FF6D
:103C50004FF00009484605B0BDE8F08F491B60EB06
:103C60000C00C3E9001008FA02F1786A49EA010978
:103C7000DEF800100144CEF80010D4E7022EE9D09F
:103C8000D4F86C33029F039EFD17FF1A65EBE375B2
:103C900094F83135D4F870B30A2BD4F88084D4F872
:103CA00084A413D1012F75F10003ACBF01220022BF
:103CB00001212046A2EBD57205F08EFE30B1002323
:103CC00084F8DA34012384F8AA34C1E7D4F86813FD
:103CD000019B2046DA175B1A62EBE172012B72F14D
:103CE0000003ACBF012300230021A3EBD27205F037
:103CF00073FE70BB012F75F10003ACBF01220022DF
:103D000001212046A2EBD57205F066FE08BB08FB38
:103D100005F5F21707FB0A55B6EB0B06A8FB07875C
:103D200062EBEB72120542EA16323605B6EB080674
:103D30003D4462EB0502012E72F10003ACBF01238A
:103D4000002302212046A3EBD27205F045FE002895
:103D500080D0024979E700BF48CE000861CF000853
:103D600090F83035022B05D1D0F8A031CBB980F8CE
:103D7000DA347047D0F83434D0F838240133934221
:103D8000C0F834340DD390F8663853B990F8DB148A
:103D9000044A80F8DA34044B002918BF1346C0F8EF
:103DA00034357047E6CD000853CE0008F8B590F8DA
:103DB00030350546022B3BD1D0F8FC34D0F8DC215D
:103DC000D0F8C8048A1AC91A8A4228BF0A4678233A
:103DD000322A38BF322203FB0053D5F8D811D3F86A
:103DE0003832323A8B4228BF0B46B2F5FA6F28BF01
:103DF0004FF4FA62C91A4A434FF4FA61B2FBF1F286
:103E00001A44D5F88834D5F88C44A3FB023102FB60
:103E100004121B0D43EA0233322B38BF3223002831
:103E200058D0B3F5C86F28BF4FF4C8632F485AE085
:103E3000D0F83424D0F8387490F86638D0F83C4480
:103E4000BF1A53B390F867383BB3D0F850382146C7
:103E5000B0F8620805F0DAFD3A4606462146D5F884
:103E60005438B5F8640805F0D1FDB04228BF30469B
:103E70004FF08042904205D300232AB9322B38BF3D
:103E80003223CEE79208F5E7991881424FEA5303AF
:103E90009CBF9B18401A9208EFE7D5F80035D21A5C
:103EA000BA4228BF3A46D5F84834C82A28BFC822A3
:103EB00073B9D5F84C345BB9D5F80C14A14228BFBE
:103EC0002146631A5343C822B3FBF2F30B44D5E7F0
:103ED0003221F3E7B3F5C85F28BF4FF4C85303F5A9
:103EE000742000F23F20B0FBF3F0F8BD40420F0019
:103EF00039B1D0F8D02490F8DE34024482F8D734B7
:103F000070470122024980F8DD2405F0D8BD00BFCA
:103F100004C90008F8B50D461146026A0446069E1B
:103F200062B9012D01D06A1C08D141F6CE02A1F17F
:103F30003200904202D80E4A934206D900232362EF
:103F40000723022084F87830F8BD00272365A16597
:103F5000324629462046676505F08EFE034608B1C5
:103F60002762EEE70120C4E917662562EAE700BF91
:103F700040420F002DE9F3411F460023022A044668
:103F80000E4615460270A0F8703080F8723002D1EB
:103F9000236C012133E0082AFAD0052A2CD0042A08
:103FA00025D10121C36B626B1F48306330460097F7
:103FB000FFF7B0FFF765E36C0228804633660FD148
:103FC000012D96F8782006D13378002B14BF0B23EF
:103FD0000223934204D004233146204605F06EFFAD
:103FE00008F1FF335842584102B0BDE8F081062A7B
:103FF00007D1026C5300CCE74FF0FF31036CA26B8A
:10400000D2E74FF41273D340DA0706D5026C53009F
:10401000072D4FF0FF31C6D0F1E7012DC36BF7D16B
:104020004FF0FF31BFE700BFC0270900F0B5846B38
:104030001D46DDE90767DDE905C30CB93224846359
:104040000478013C082C47D90C6A002C44D1234C3D
:10405000A2F57A7EA6453FD841F6CE04A5F1320EF0
:10406000A64539D8846B312C36D9AC4234D81C4C97
:10407000ACF5807EA6452FD8A3F12004B4F5FF5FF0
:104080002AD89C4528D9022E1CD82EB304690134A5
:1040900022D00024C0E90B26C0E90944C0E90FC3BF
:1040A000C0E9127780F8204044648470447045630E
:1040B000D1E91A23C0E916233B46BDE8F0400122AE
:1040C000FFF758BFA6F1040EBEF11C0F04D8054C33
:1040D00024FA0EF4E407D9D40220F0BD587A050082
:1040E00040410F00111000102DE9F34113460278F2
:1040F0000546013A082A0C4608D8C26C9A1AB2F54D
:10410000AF7F07D30223032205F0D8FE002002B0C0
:10411000BDE8F081CA684E694AB10A693AB126B968
:104120000C22042321462846EEE70422F9E70193F6
:10413000002EFAD16279002AF2D1204605F095FDD1
:1041400020B1626A019B9A1A1E2A0CD96369002B5E
:10415000EBD16379002BE3D1204605F086FDC0F159
:104160000602D2B2DDE7AA6C91499A1A8A4218D2A5
:10417000E26D90499A1A8A4213D8D4E91A02D5E915
:104180001617D5E90FCE411A4FF009004FF003087A
:1041900062EB0702AEFB0007ECFB08078142BA4165
:1041A00001D305239CE02978276A02291FD008291A
:1041B0001DD005293FD001F0FD02042A0CBF0120CB
:1041C0004FF0FF30002FA1D10028D4BF00270127D6
:1041D00094F800E094F87820BE4559D00B2A5FD0BF
:1041E000D31EDBB20A2B76D87349CB5C9AE74FF02B
:1041F000FF3247B395F87130002B87D1002AD4BF26
:104200000022012223789A4217D1A378002B7FF451
:104210007DAFE368003B18BF0123002B7FF476AF2E
:10422000636DAEF1100E7345BBD8103323650123C7
:1042300085F871306AE70122DBE72379002B7FF4F0
:1042400065AF2369E6E794F878000828A9D195F8C6
:1042500071000028A5D0002AD4BF002201222078B6
:1042600082420CBFE2682269003A18BF0122002A8C
:1042700097D105290AD0082914BF03220922214613
:10428000284602B0BDE8F041FFF774BE0622F6E70B
:10429000022A05D0D31EDBB20A2B23D9052341E71E
:1042A000626D12B901297FF47CAF95F872201AB9BA
:1042B00001226B6585F872202278BA4218D1E26833
:1042C000002A48D1E27952BB6A6D9A1AC72A7FF652
:1042D0001DAF062304E0022A4FF005037FF422AF4E
:1042E00010221FE734490B2A08BF1022CB5C19E7C4
:1042F000226972B1A26B9A1A132AE5D901390829E9
:1043000000F29C80DFE801F0299A2B319A33519A10
:104310005A00227A002AD7D0E26A217901E0A26A03
:10432000A1780029D0D19A1A132ACDD9236D1BB1B7
:10433000626D93427FF635AF0023206284F87830B7
:1043400085F8703085F872306B6C5A1C01D00133DF
:104350006B640420DBE6626BCDE702228FE7D4E9D1
:104360001C010422C5E9180189E7052287E7D4E981
:104370001C21D5E91807904277EB010E01DB0723DA
:10438000AEE7121A61EB0701402A71F10000FFF459
:1043900008AF944576EB0101FFF403AF6A62D4E9FC
:1043A0001C010722C5E91A0169E7082267E700BF77
:1043B00040771B00BF27090069D10008D5E91A32F0
:1043C000D4E91C10994270EB0207D8DA5B1A62EB51
:1043D0000002402B72F10001FFF4E3AE9C4576EB46
:1043E0000202FFF4DEAE696AAB624A1C8B421A44D9
:1043F0002CBF5B1ACB1AB2F5487F2ABFC821042113
:10440000B2FBF1F19942BAD3EB6A5208AB602B6B65
:104410006A60EB60D4E91C23C5E90623012385F813
:1044200020302B69082101332B610A232B700023D4
:104430002046AB70236305F013FC67E608234FE7C3
:10444000014B1860704700BFB000002080B50546E2
:104450000E461746984604F0F3FA034607F0D2FEDC
:104460000446DFF81890424649F800303946304695
:10447000A84754F8090001F0BDFA00BF0800000089
:10448000034A0020536823F002035360704700BFC3
:10449000002004E0044A0020136843F01003136076
:1044A000024B034A1A607047002002403801002086
:1044B00000127A00F0B40C4B0C4E5F6A0C4BB34206
:1044C00003D36FF08500F0BC70475D68BD4209D32F
:1044D0001C693CB195F802C00579AC4502D1234670
:1044E000F0BC18472433EAE7000E002068020020E1
:1044F000440200202DE9F04705460E461746124CAF
:10450000DFF84880DFF84890444503D36FF085001A
:10451000BDE8F0876268D9F824309A4212D3A369C3
:1045200083B190782979884205D13A4631462846A8
:10453000BDE8F04718475279012A03D13A4631467F
:10454000284698472434DFE7440200206802002010
:10455000000E00202DE9F04105460E4617460A4C94
:10456000DFF82880444502D36FF0850009E06369D5
:104570000BB92434F6E73A463146284698470028D6
:10458000F7D1BDE8F08100BF44020020680200209E
:1045900010B5044601F084FD10F1780F00D050B939
:1045A000204605F0AEFD044AD2F8C43023EA0003E9
:1045B0000020C2F8C43010BD000E00200022024BC3
:1045C0001A605A60704700BFBB0E002070B50B4BDD
:1045D0000B4CA34201D3002070BD0022196A1E7F3C
:1045E0000439D5B2AE4201D82433F2E7013211F8D2
:1045F00032508542F5D10120EEE700BF4402002091
:104600006802002008B509480378C3F341130A3350
:1046100050F823303BB100F1080200F11001984737
:10462000C043C00F08BD1846FCE700BF000E0020C5
:1046300004282DE9F14F04460F46DFF8949016D078
:1046400001282DD1DFF88C8098F8B93043B300F001
:10465000FDFD214D4D4520D24FF0000AD5F820B088
:104660002B7F5FFA8AF6B34204D82435F2E7FFF7CE
:10467000A5FFE7E70BEBC606307901F011FD024616
:10468000307905F03EFDD8F8C430002A23EA000353
:10469000C8F8C4300AF1010AE2DA002388F8B93018
:1046A0000D4D4D4508D30B4B1B6A6BB13946204667
:1046B00001B0BDE8F04F1847EB681BB13A46214600
:1046C000284698472435ECE701B0BDE8F08F00BFDD
:1046D00068020020000E00204402002073B5C4B21E
:1046E00063060D468DF8074007D02046FFF76EFFA2
:1046F00078B10D4B93F8BA0058B120460A4E55B127
:1047000001F07EFCF3691BB108200DF10701984709
:10471000012002B070BD01F089FCF369002BF7D0D5
:1047200009200DF10701F2E7000E002073B586782D
:104730001E4C8DF800600379427943EA0223ADF8FC
:104740000230C378304603F003038DF8043005F0DF
:10475000D8FCD4F8C430054618420BD0304600F0DF
:1047600057FD3046FFF714FF07F0DEFA10B9962028
:1047700007F087FB684601F0F5FB10F1780F03D0D6
:1047800010B1002002B070BD9DF8000001F064FC83
:1047900010F1780F01D00028F3D10120D4F8C430F3
:1047A00084F8B9002B43C4F8C430EBE7000E0020B6
:1047B0002DE9F047A34E0446B3690F461546FBB9F1
:1047C000237803F01F03012B00F09D80022B00F0E3
:1047D000048133BB94F900002A680028617834DA38
:1047E000062912D008292BD0D9B901235170137092
:1047F00096F8C3305B0043F00103137002232AE1F3
:1048000098470028DCD100200DE06288100A011FC3
:104810000129844605D9072803D8716AD2B20C78D9
:104820001CB96FF01500BDE8F0874E78664503D1DE
:104830009A4200F00B8101332144F0E70B780AE142
:1048400096F8BA301370012305E101390829E8D838
:1048500001A353F821F000BFF148000823480008E5
:10486000FF480008234800087D4800082348000846
:10487000234800082348000889480008A07801F070
:1048800031FB0028BFD0CCE76388756A63BBFFF7B4
:1048900095FE638886F8BA30F369002BB3D0032005
:1048A00069499847AFE76B78042B10D0052B11D0DE
:1048B000022B04D16F796388BB4208BF01202B789B
:1048C0001D442B78002BEED10028AAD0DFE795F805
:1048D0000380F4E76388BB42F1D1B8F1000FEED159
:1048E0002846FFF723FFEAE7FF270020B846E8E75E
:1048F0006388012B95D1002386F8C33083E7638852
:10490000012B8ED1F8E796F8BA30D5F800C0002B0D
:1049100087D0756AA3882A4694F804E010780028A6
:104920003FF47FAF5178022904D192F80480F0451A
:1049300000F293800244F1E78CF800208CF801200B
:10494000396060E7154494E00B2A7FF46AAF0027D2
:104950004FF0FF08BA46C14606E06B78042B0FD033
:10496000052B21D02B781D442B78002BF5D1F36932
:1049700013B1514607209847002F7FF444AF50E70A
:1049800095F80280A38895F803909845EAD163884A
:104990009945E7D1B8F1070F1CD806EB0803AA46E2
:1049A000012783F8BB90DDE7A3884345DAD1A378DC
:1049B0004B450AD0AF78384600F02AFC3846FFF75E
:1049C000E7FDB0FA80F77F09CCE72846FFF7AEFE97
:1049D0000746C7E7AA460027C4E794F90020637892
:1049E000002A18DA002B7FF41CAF24792D686306A7
:1049F0000AD02046FFF7EAFD00283FF412AF96F8F0
:104A0000BA30002B3FF40DAF2946204605F081FD5A
:104A100000236B70F2E6012B08D0032B7FF401AF6B
:104A20006388002B7FF4FDAE012103E0618800293B
:104A30007FF4F7AEA088FFF751FE00287FF4E3AEC5
:104A4000EFE600BF000E0020BA0E00200228296009
:104A50007FF4F4AE4B883B60D5E694F900006278B1
:104A60000028BFF671AF002A3FF466AF0A2A7FF430
:104A7000D8AE2A78002A3FF4D4AE697804297FF4AE
:104A800061AFA9788B427FF45DAF072B8EBF002307
:104A90009B1993F8BB308CF80030D4E613B5164C54
:104AA000237DF3B9E26801AB8020A168019205F093
:104AB00037FB019AA3681344A360E3689B1AE36081
:104AC0006BB962B12369E2889A4208DD94F8C82084
:104AD00093FBF2F102FB11330BB90123237502B0F2
:104AE00010BD002380201A461946237502B0BDE888
:104AF000104001F0E9BA00BF000E0020002330B5DD
:104B000085B002460D460193002858D1002935D1C1
:104B100008220B460DEB020105F008FD002804DA1F
:104B2000802001F06DFA05B030BD2A4C029AC4E92C
:104B300003552260039ABDF80E30626004F138021A
:104B4000A2609DF908202575002A0ADB802B04D974
:104B5000802001F055FA0020E3E713B1C4E90333E4
:104B6000E1E7FFF74FFD0028DAD0E28823699A4297
:104B7000D4BFE260E360FFF791FFD4E7154C01ABCF
:104B8000D4E90215002D04DC05F0D0FC0028CADAB7
:104B9000C6E72A4605F0CAFC0028D9DB019AA368BB
:104BA0001344A360E3689B1AE360002BBBD104F1BC
:104BB0003803A360FFF726FD0028DCD1B0E780288A
:104BC000B1D1044BDA68002AD5D11B7D002BD2D19C
:104BD000A9E700BF000E0020054B064A58629A6202
:104BE000054A0020DA62054A1A63054A9A6170474D
:104BF000000E0020B1470008B544000855450008E4
:104C0000F54400082DE9F3410446474D4FF0FF33CA
:104C10004FF0FF32454803F0B3F995F8B830002B58
:104C20007BD16B6A83B142482C62E8616E6A01F005
:104C300053F901F0E9F8041E10DA3C4803F018FAC1
:104C4000204602B0BDE8F08100F0BEF8FFF7C4FFD7
:104C50006B6A002BE7D14FF0FF34EEE700F018FB52
:104C6000041EEADB7378012B5AD1F379002B57D05D
:104C70000026684685F8C830ADF802308DF804602B
:104C80008DF8006001F06EF9041ED6DB80276846BF
:104C90008DF8007001F066F9041ECEDB3046254920
:104CA00005F01DFC041EC8DB3846224905F017FC40
:104CB000041EC2DB204CDFF8848044451AD3002058
:104CC00001F0CAF9041EB8DBD5F8C430802043F0E7
:104CD0000103C5F8C43001F0BFF9041EADDBD5F8FF
:104CE000C430002443F48033C5F8C430012385F870
:104CF000B830A2E70026276A227FF3B29A4201D891
:104D00002434DAE707EBC30257F83310107905F0C3
:104D1000E6FB01360028EFD09DE76FF077048CE7C3
:104D20006FF0150489E700BF000E00206C01002021
:104D300031460008FD4A00084402002068020020B5
:104D400030B51F4B8BB005AA03F110051446186847
:104D50005968083303C4AB422246F7D11B781022AE
:104D60002370002101A807F0E8F91222002115485C
:104D700007F0E3F9102101A801F04CFD00281BDD2C
:104D80000828B8BF082001AB09381A1800200D49BF
:104D900012F8013F0AAC04EB131403F00F0328339D
:104DA0006B4414F8144C13F8143C013008280C70B0
:104DB0004B7001F10201EBD102480BB030BD00BFD6
:104DC00074D10008671800202DE9F04F714B87B0AF
:104DD00093F800B0BBF1000F03D06F4807B0BDE8F7
:104DE000F08F6D4C00264FF0011AB0463546B146A3
:104DF00023783BB9694B02349C42F3D10123654AC5
:104E00001370EAE76378052B1BD8DFE803F08C0307
:104E1000C18C1D39402304A88DF810B0ADF81230B4
:104E20008DF814B005F066FB40B1082304A8ADF876
:104E3000123005F05FFB08B1ADF812B0BDF81230CA
:104E4000E37123781C44D3E7E378002BF9D1A378EE
:104E50006BB108F101085FFA88F8F2E76B689C42D1
:104E600007D024354E4B9D42F8D30020B6E74D4D78
:104E7000F8E7AB68002BECD0414620469847E8E7BE
:104E8000002DF2D000222B7F9A42EED2296AA07820
:104E900001EBC2010B79984201D00132F3E70127FF
:104EA000E078FBB200F003008DF81400207994F84C
:104EB00005C040EA0C20ADF8120094F90200002869
:104EC00026DA4FF0010C07F110000CFA00F010EA9E
:104ED0000A0F24D143F080008DF8100004A8CDE91A
:104EE0000213019205F006FBDDE90121039BB0B935
:104EF0009DF8102012F0800FA2700A714FF001028D
:104F00001DBF1033DBB29A40BA404AEA020A98E762
:104F10000120B84010EA0A0F01D11846DCE701373A
:104F2000102FBDD1B9E7032E1AD1FFF709FF0746AD
:104F300050B1FBF7A9FA024630B11028A8BF1022E1
:104F40003946A01C07F0EBF86FF002012378091B2B
:104F5000E21804EB5303D14213D50136F6B270E7E1
:104F6000002EF1D1B9F1000F3FF47FAFA4EB09039C
:104F700089F80230C3F3072389F8033089F80480E5
:104F8000EBE702F801BC13F8010902F8020DE2E7B1
:104F9000A14656E766180020800100204302002049
:104FA0006802002044020020094B00211A4610B577
:104FB0001C78844204D15C6814B102EB811010BDEE
:104FC0000131042903F14003F2D10020F7E700BFCB
:104FD000CC0E00202DE9F34150F8283C0446103354
:104FE00010F82C6C0AD1036950F8202C980736D59C
:104FF000D2B9590715D5002344F8283C54F8283C69
:1050000010330BD054E9077554F8148C06F08CFE5D
:1050100000284FD021462E4806F06AFE02B0BDE8B7
:10502000F08143F004032361304654F8241C01ABA3
:1050300005F076F810B16FF01503DDE7019A54F82A
:10504000243C134444F8243C54F8203C9B1A44F874
:10505000203C54F81C3C134444F81C3CCEE730463A
:1050600054F8241C01AB01F081F80028E3D1019D24
:1050700054F8243C2B4444F8243C54F8203C5B1B5B
:1050800044F8203C54F81C3C2B4444F81C3C002DB4
:10509000B1D0304605F058FAB5FBF0F303FB1055DC
:1050A000002DA8D154F8203C002BA4D0304601F0AC
:1050B0008BF8A3E744F8180CA4F1100003F014F8DF
:1050C000002DABD0424639463046A847A6E700BF80
:1050D000400B00204B1E012B73B506460D460FD822
:1050E000FFF762FF044668B9012D09D101AB012227
:1050F00030460DF1030101F039F8019B002BF5D189
:1051000002B070BD06F010FE04F12C0108B1012DB3
:1051100005D1084602B0BDE87040FFF75BBF034809
:1051200002B0BDE8704006F0E3BD00BF400B0020B8
:105130002DE9F74F064615469846019105F036F8D9
:10514000044600285BD1EFF3118A102383F3128801
:10515000BFF36F8FDFF8ACB000220023584602F097
:10516000E7FF70B9DFF8A090A70109EB841463682A
:1051700013F1100F14D10193584602F0B5FF019BB3
:1051800006E00134042C0BF1400BE5D16FF00B036A
:105190008AF31188BFF36F8F184603B0BDE8F08F14
:1051A000019B2061C4E902350C9B304663610D9B75
:1051B00009F80760A3616FF00F03C4F83C806360D7
:1051C00005F0C2F958B1304605F0BEF9B5FBF0F371
:1051D00003FB10551DB1E36B43F00403E36318F0C8
:1051E000020F07D007F12C010848494406F080FD62
:1051F0000023CDE7304600F0E7FF0346C8E76FF035
:105200000F03C9E7E80E0020CC0E0020400B002061
:1052100010B5EFF31184102383F31288BFF36F8F5F
:10522000FFF7C2FE50B14368103307D16FF08B0314
:1052300000F12C014360044806F05AFD84F3118804
:10524000BFF36F8F10BD00BF400B0020F8B50425E1
:1052500010270D4CEFF3118687F31288BFF36F8F81
:105260006368103307D16FF08B030848636004F163
:105270002C0106F03DFD86F31188BFF36F8F013DD1
:1052800004F14004E6D1F8BDCC0E0020400B002014
:1052900070B50025094C0A4E3146204606F00CFD3B
:1052A0000122A4F110001146013506F0C9FC042DBD
:1052B00004F14004F0D1002070BD00BFF80E0020C2
:1052C000D54F000870B504460E46017915481546BD
:1052D00004F049FF10B394F900206378002A16DB2C
:1052E000202B04D0222B0ED06FF085000AE02B6813
:1052F0001A6840F8102C9A8820F80C2C9B7900F83A
:105300000A3C002070BD638800F8093CF9E7212BB6
:10531000EAD10723103828603360F2E76FF01200FB
:10532000F0E700BFCC0F0020014608B5034804F0A9
:1053300027FF10B1012300F8073C08BDCC0F002067
:105340000123016981F84B300B6833B191F8493082
:105350001BB10248083106F0CBBC7047400B00205F
:105360000123016981F84A300B6833B191F8483064
:105370001BB10248083106F0BBBC7047400B00204F
:10538000012370B582F8483013680D4614463BB1CE
:1053900092F84A3023B10E4802F1080106F0A8FC49
:1053A000D4F890301A699B689A4205D17DB904F10E
:1053B00018014FF47A7204E004F11801002DF8D0BE
:1053C0000022BDE870400023014803F00BB870BD17
:1053D000400B002070B5056995F89E00E0B195F886
:1053E0009F30D3B985F84830EFF31186102383F34B
:1053F0001288BFF36F8FD5F8900004F011FE0446B9
:1054000086F31188BFF36F8F00220023044805F153
:10541000180102F0E7FF204670BD0020FCE700BF46
:10542000400B0020002103460C4AA0F848101068E9
:1054300083F89C10C3F8940090889279A3F89800A0
:1054400083F89A2083F89B104022A3F89E1083F8DB
:10545000A01003F14C0006F070BE00BF70C500083C
:10546000F0B5D0F88C3004465B6885B01B6A1F7DB0
:10547000384604F09BFE0646F8B994F88630E3B14E
:105480004FF48062A06F03A904F0E9FD0546A0B1C6
:105490008306A4F1180384F830600193084B08BF19
:1054A00000F1FF35039900932A4602233846FFF79F
:1054B0003FFE2946A06F04F0EEFD05B0F0BD00BF31
:1054C00081530008002310B50469C4F8A8300C4BC0
:1054D000C4F8A400596804F1A80269B9C3E900221C
:1054E00004F10800074906F0E7FB04F1180006493B
:1054F00006F00EFC002010BD0A605A60F0E700BF05
:10550000CC0F0020D7A100086154000830B54FF43B
:1055100000334268056942F2A10085B0CDE901037C
:10552000002385F89D30106AADF80C100A2200792E
:1055300001A904F0F5FD054C95F89D3023B9012033
:1055400006F029FB013CF7D105B030BDA186010072
:10555000002373B5102504698DF8071084F84830CE
:10556000EFF3118685F31288BFF36F8F0122D4F811
:1055700090000DF1070104F053FD86F31188BFF38D
:105580006F8F01280AD006F0CFFB10B994F8A13034
:105590006BB9094B1A780AB901221A700A22002342
:1055A00004F11801054802F01DFF02B070BD002192
:1055B0000A2003F027FAD3E779180020400B0020D7
:1055C00037B514460A1E054620DDD4F88C0004F1D8
:1055D0004C0104F025FD012384F8493023683BB1D8
:1055E00094F84B3023B1114804F1080106F080FB18
:1055F000D4F88C104B684A699A1ACB699B1A3F2BD6
:1056000004D8012384F8A03003B030BD94F89E3054
:10561000002BF9D0064B4022009328460123019429
:1056200004F14C01FFF784FDEEE700BF400B0020C2
:10563000C1550008F7B50D4601461D4804F088FD28
:10564000044610B3064656F8A439691E5F6805295A
:105650001BD8DFE801F01C1A031C222610F8061CD8
:1056600099B9012300F8063C3B6A3246187BFFF7E4
:10567000A7FF14F85C2C42B93B6A1146187D0D4B0C
:10568000019600930223FFF753FD03B0F0BD3046AF
:1056900003B0BDE8F040FFF7C5BE012304F8053CA8
:1056A000F3E710F8053C002BEFD00023F6E700BF2E
:1056B000CC0F00208153000837B50024084D4FF06F
:1056C000FF334FF4806228460649009402F04CFEF6
:1056D0000549284606F02EFB204603B030BD00BF2A
:1056E000400B0020801C002093D1000808B5034B1C
:1056F0001B689847BDE8084000F026B80C01002060
:1057000030BFFFF7FDBF00BF2DE9F04105460B4E4E
:10571000DFF82C80324606EB0807CC1B20460949EF
:1057200006F0FDFCA01942460021083C06F005FDEC
:105730006C6607F10800BDE8F08100BF00000000C2
:105740000C00000010C50008074A936893F90E107A
:10575000002907DB526993421FBF044A536843F094
:1057600080535360704700BF2C18002000ED00E00C
:10577000134B9A6A12F0007F9A6A14BF1E201D20F4
:1057800012F0807F9A6A18BF1F2012F4002F9A6AC5
:1057900018BF212012F4802F9A6A18BF222012F419
:1057A000003F9A6A18BF232012F4803F9A6A18BFFC
:1057B00024206FEA02426FEA12429A62704700BFE9
:1057C00000ED00E010B5164B9A6A9C6A12F4805FF7
:1057D00014BF1722162214F4006F9C6A18BF1822F7
:1057E000A40509D59A6B9A6A120404D518B19A6A6D
:1057F00022F400429A621922094B986A10F4806FD1
:10580000986A18BF1A2210F4807F986A40F47F408B
:1058100098624FF000030CBF10461B200B7010BDA8
:1058200000ED00E010B5154B0246986A9C6A10F036
:10583000100F14BF1120102014F0080F9C6A18BF1D
:105840001220A40709D5586B986A000604D51AB12E
:105850009A6A22F080029A621320084B9A6A12F028
:10586000010F9A6A18BF1420D20658BF9A6A9A6A22
:1058700042F0FF029A6200230B7010BD00ED00E0C1
:10588000F0B5474B04465B6800258BB0C3F30803B3
:1058900085F31188BFF36F8F02F07F40B0F17F4F27
:1058A00011D102F00C0008280DD010074CBF0C4697
:1058B00001250022033B8DF80720032B05D8DFE8E4
:1058C00003F02462665F2C46F3E700239DF807206F
:1058D000CAB902AE04F12007324620686168083474
:1058E00003C2BC421646F7D1099A002D53D0C2F329
:1058F000080121B96FEA52226FEA42220992184642
:1059000002A904F07CFD0BB0F0BD254BDA6A9107CB
:10591000DBD4DA6A002AD8DBDA6A5200D5D55A69B4
:10592000A16942F480725A61BFF34F8FBFF36F8F4A
:105930005A6931F8021C22F480725A61BFF34F8F0A
:10594000BFF36F8F4DF60272914209D09A6AD2B2BC
:1059500042B101200DF10701FFF764FF0346B5E7EF
:105960002368B3E79A6A12F47F4F05D001200DF146
:105970000701FFF727FFF1E79B6AB3F5803FA4D348
:10598000FFF7F6FEEAE700200DF10701E4E700204B
:105990000DF10701EDE722F4FF7222F00102ADE7FD
:1059A00000ED00E0024A536943F010035361704771
:1059B00000ED00E0EFF30880EFF3098101B57246D6
:1059C000FFF75EFF01BD00BF102080F3118808487B
:1059D0004FF40061401880F30988EFF3148002212E
:1059E000084380F31488BFF36F8F00F0B3F8000012
:1059F00080200020084B9B6883420BD1EFF3058386
:105A000043B1064B5A6842F080525A605A6A22F4F7
:105A100000425A6206F046BA2C18002000ED00E061
:105A20006FF00A01084A9368D966084998664B687E
:105A300043F080534B60002383F31188BFF36F8FD3
:105A40009368D86E704700BF2C18002000ED00E06E
:105A5000EFF31183102383F31288BFF36F8F4FF09E
:105A60000061084A53699360074A5160596E074ABA
:105A7000116000219A6E996682F31188BFF36F8FCF
:105A8000704700BF2C18002000ED00E0D40F00206C
:105A90000B498A684FF030001044EFF3098C80E81E
:105AA000F01F74467046FFF7D3FFA64604498A6884
:105AB00002F1300090E8F01F8CF309887047000075
:105AC0002C1800201EF0040F0CBFEFF30880EFF33A
:105AD0000980816911F8021C0229FFD001B504F088
:105AE00094FC01BD40B2002807DB01234109034AB1
:105AF00000F01F00834042F82130704700E100E0D1
:105B000040B200280CDB01220649430900F01F00C7
:105B10008240203341F82320BFF34F8FBFF36F8FB4
:105B2000704700BF00E100E040B2002801F1010130
:105B3000ACBF00F16040064B4FEA0111C9B2ABBFE8
:105B400000F5614000F00F0080F800131954704711
:105B500014ED00E008B5094B094A23F0604323F037
:105B60007F039360BFF34F8FBFF36F8F02F062F933
:105B700003F004F800F048F802F09CF90000000877
:105B800000ED00E042F8203C009B0B4942F81C3C31
:105B9000019B21F0010142F8183C029B42F8081CCD
:105BA00042F8143C4FF0807342F8043C0023203A42
:105BB00002658366704700BF4D44000800B50B4B7B
:105BC0000E469860416E0A4B154619602C4686F3C6
:105BD00009884FF00000074B984720464FF000011E
:105BE0004FF000024FF00003034C20472C18002018
:105BF000D40F00201BA400084D4400081022014BC4
:105C00001A61704700ED00E0002310210348C2181C
:105C100001332B2B82F80013F9D1704700E100E02B
:105C200008B5EFF30583064A103B02EBC30152F8B7
:105C3000330049688847BDE80840FFF785BD00BFCD
:105C400084C3000808B5024B1B689847002008BDB4
:105C5000D80F0020034B044A1860937843F00203E6
:105C600093707047D80F00201001002008B5064936
:105C7000064821F00701C1F1005202F5A04204F0EC
:105C80005EF9002008BD00BF87450020DC0F002022
:105C90002DE9F041054600244FF001080D4E0E4F4E
:105CA0002B78E2B298181F280DDC726908FA00F30D
:105CB00033EA020207D1736157F830301BB107EBAA
:105CC000C002516898476A780134E3B29A42E7D239
:105CD000BDE8F08100040140E80F0020044B1844A7
:105CE00000230133994200F8012BFADC704700BF12
:105CF0004401002010B4064B024618560123054902
:105D000093400C6823430B6010BCFFF7EBBE00BF51
:105D100044010020000401401F2806DC0122034941
:105D200082400B6823EA02030B60704700040140C5
:105D300003292AD8DFE801F0020E141F0122134BB9
:105D40008240996821EA02019960D96821EA020239
:105D5000DA60704701220D4B824099681143F3E7E6
:105D600001220A4B8240D9681143D960996821EA1F
:105D700002029A607047012303FA00F0034B9A680D
:105D800002439A60DA681043D8607047000401400B
:105D900030B50A4B53F830408C4204D103EBC005B8
:105DA0006D68954205D034B943F8301003EBC00359
:105DB0005A60002030BD6FF00F00FBE7E80F0020B5
:105DC0000022034B43F8302003EBC0035A607047B6
:105DD000E80F002020F08002072A0BDC064B10F0B1
:105DE000800F03F590710CBF18460846242303FB6F
:105DF00002007047002070475C130020014801F04A
:105E0000ABB800BF6810002037B52E4C204605F017
:105E1000D1FE002853D0A36820461B682A49984722
:105E2000054618B16FF0040003B030BD274C284B75
:105E30000822236002230146C4E90123C4E90303C5
:105E4000A06101AA234804F0A1FE0028ECDB019B1D
:105E50002A461979186800F0F9FC0028E4DB20468E
:105E600005F073F80028DDD1204605F0F9F8002888
:105E7000D8D1204605F0DBF805460028D2D14023D2
:105E800084F8F802A4F8F432A4F8143484F818045E
:105E9000C4F8343704F585640122601911462435AD
:105EA00005F0CEFEB5F5907FF6D100221420114604
:105EB000FFF73AFE1420FFF715FE0020B4E76FF05D
:105EC0001200B1E7A8C200086CC6000868100020E4
:105ED000005C00404CC60008014BC3F8F00270475C
:105EE00068100020014608B5044805F0D3F80028E2
:105EF00014BF6FF00400002008BD00BF6810002030
:105F000008B513460206014605D5802800D12BB1FD
:105F10006FF0150010E0402B28BF402321F08002D5
:105F20000648920102F23452024405F020F900289A
:105F300014BF6FF00400002008BD00BF68100020EF
:105F4000030610B50C4607D431B10146044805F0EC
:105F500025F92060002010BD6FF01500FBE700BFA1
:105F600068100020F8B5077804463846FFF732FF7E
:105F7000054670B160886B88227983422CD21F4E0F
:105F8000012AD6F8343707D103EB4001B1F5007F81
:105F900011D36FF01500F8BD1844B0F5007FF8D2AA
:105FA00000223946304605F081F962886A80D6F8C9
:105FB000343713440EE0184403EB004339463046AF
:105FC00005F074F963885B006B806288D6F834371B
:105FD00003EB4203C6F8343722796388012A04BFF1
:105FE0005B009BB22B802379032BD2D8DFE803F030
:105FF0000202020200202B71CDE700BF68100020D2
:1060000038B50546FFF7E6FE044638B1294606488E
:1060100005F0E6F828B90123637138BD6FF015006B
:10602000FBE76FF00400F8E76810002038B505467C
:10603000FFF7D0FE044638B12946064805F004F9BA
:1060400028B96071E06038BD6FF01500FBE76FF0B4
:106050000400F8E76810002070B50446FFF7BAFEA8
:106060000546A0B10D4E037902882146304605F061
:1060700025F878B963B2002B0BDD06EB84112046BE
:106080002A8801F23451BDE87040FFF739BF6FF044
:10609000150070BD6FF00400FBE700BF6810002022
:1060A00010B50446FFF796FE48B12146054805F0B5
:1060B00035F8002814BF6FF00400002010BD6FF009
:1060C0001500FBE7681000202DE9F84306468946D5
:1060D00015469846FFF77EFE00283ED033063CD595
:1060E00000F1140700220023384602F021F804468C
:1060F000B0BB05F019FE10B91420FFF701FD802E8A
:1061000002D1402D28BF40254A462B46314616482D
:1061100005F04CF8024658B1384601F0E5FF05F0AD
:1061200003FE10B91420FFF7DDFC6FF0040411E04A
:10613000802E04D11DB101463046FFF7E1FE05F087
:10614000F3FD10B91420FFF7CDFCB8F1000F01D01A
:10615000C8F800502046BDE8F8836FF01504F9E751
:106160006FF00A04F6E700BF681000202DE9F8433D
:106170000446884691461F46FFF72CFE0546F0B1BF
:106180002306C6681BD4B8F1000F13D04E4528BFB4
:106190004E460369A4010B4904F234541C443246B0
:1061A0004046214405F0BBFFEB689B1BEB602B696D
:1061B00033442B6107B13E600020BDE8F8836FF0E7
:1061C0001500FAE76810002010B50446FFF702FE3C
:1061D00068B123060BD4C3680BB1002010BD05497C
:1061E000028801EB84112046FFF78AFEF5E76FF085
:1061F0001500F3E79C15002070B500234022802194
:106200000E4804F05BFF0023402219460B4804F0BF
:1062100055FF0024094D05F585663019243401F039
:1062200063FFB4F5907FF8D1D5F8F03223B1BDE823
:10623000704000210120184770BD00BF6810002089
:10624000034BD3F8F03213B10021052018477047F3
:1062500068100020034BD3F8F03213B10021062060
:10626000184770476810002070B5082300250E4CB1
:10627000C4E9C035D4E9AC01D4F8FC3204F2345698
:1062800086E803007BB1294628469847B4F8B62231
:106290004AB194F9B032AB4205DB31462846BDE83D
:1062A0007040FFF72DBE70BD681000200D4B1868C0
:1062B0000B68052B14D008D8012B03D0023B022B0E
:1062C00009D80020106000207047182BFAD01C2B32
:1062D00004D0142BF6D06FF0850070474008F1E72A
:1062E0000148EFE73801002000127A00F8B5364F78
:1062F00004F0CCF9384604F0C8F900F007FE334C3E
:10630000334A63681578C3F30313D35C47FA05F582
:1063100020FA03F6AE4202D2284601F0D5FC2368EB
:1063200023F480232360236843F4803323602368AD
:106330009803FCD5636803F00C03082B15D1236880
:10634000990706D4236843F00103236023689A0762
:10635000FCD5636823F003036360636813F00C0FDC
:10636000FBD1636823F0F0036360236823F080733C
:10637000236000F031F8236843F0807323602368C2
:106380009B01FCD5636823F0F0036360636823F02E
:10639000030343F002036360636803F00C03082BFC
:1063A000FAD1AE4202D3284601F08EFC094B002000
:1063B0001F60636823F4E06343F480636360636891
:1063C00023F460536360F8BD00A24A040010024049
:1063D00044D2000838010020054A536823F47C1396
:1063E00043F4E8135360536823F480035360704709
:1063F0000010024008B5074805F0DCFB38B106483C
:10640000FFF728FC0448FEF71BF8002008BD6FF0DA
:106410001200FBE748C300081D6400080A2838B5CD
:106420000446074D04D1AB680D2128465B689847A8
:10643000AB6803485B68E1B29847204638BD00BFAF
:1064400048C3000838B5064B456853F82130286921
:106450000C4698470020EB6843F8340038BD00BF75
:1064600000C7000801232DE9F04146688B4002690E
:10647000376905460C46DB43BFF35B8F0C3252E8AD
:10648000000F184042E800010029F8D1BFF35B8FEC
:106490000E4B384653F8243098470022F36853F8DF
:1064A000346003EBC40843F834206EB1084B38461F
:1064B00053F824309847B4460246D8F804302846AA
:1064C000E1B2BDE8F0416047BDE8F08100C70008D7
:1064D00020C700082DE9F04F0D4641685468CB688D
:1064E00009698046C96A85B08C4203EBC50000F299
:1064F0009E8053F83510002940F09C80116843F8C5
:10650000351093684360D2F80CA0D8F80430546872
:1065100001930AF001030293019BD8F810901F69C0
:10652000464B384653F82530FE6AD7F824B09847D2
:10653000434B594653F82520384603929047414B28
:10654000384653F8253098470AF00101039A731C26
:10655000002940D0D9F80810CAF3400AA6EB010977
:106560002146384603939047D8F80410039B0A69E4
:106570001E42526A04F1FF3447D1A41A3440A145A7
:106580004ED2029B002B14BF6FF03D000020BAF1E9
:10659000000F40D00122D8F81030BFF35B8F02FA11
:1065A00005F50C3353E8006F2E4343E80064002CDC
:1065B000F8D1BFF35B8F91F92430002B08DB590928
:1065C00003F01F039A4001F140031F4941F82320C3
:1065D00005B0BDE8F08F4FEA56094C4532BF4FF089
:1065E000010A4FF0000AB146334204D104EB0B011B
:1065F00001EA0604B4E7A6EB0B00844285BF04F170
:10660000FF345C445C44A41BAAE7944236BF9B1A47
:10661000A41AE418B3E7019BDB6843F835A0D7E779
:106620000A4B384653F8253098470020D0E76FF0E2
:106630001500CDE76FF00F00CAE700BF20C70008C4
:1066400030C70008F0C6000800E100E010C70008ED
:106650002DE9F047DFF8A4A04468DAF8089004F1C7
:1066600018080769054641465046D9F8003086B0FB
:1066700026699847002808DB504605F09BFAD8B1F8
:10668000D9F80C3023B96FF0570006B0BDE8F08799
:106690004146504601AA98470028F6DBA269019BB3
:1066A0001C2A626908BF5B000132B3FBF2F33B6155
:1066B000A06A05F07FFA10B96FF01200E5E7D4E99F
:1066C0000A018368DB6803B19847236A2846984724
:1066D00001A804F005FE6369ADF8043000230293BD
:1066E0006A683046126801A9CDE9032301F042F936
:1066F000002814BF6FF004000020C6E7A8C20008FD
:1067000038B5036904465860084D284605F052FA2A
:1067100040B16168AB6828461B680C31984700EAB5
:10672000E07038BD6FF01200FBE700BFA8C20008A0
:1067300070B50C461146B1F5001F1E46456802694A
:1067400023D10F2304F0030204329200934043EA62
:1067500094032E49DAB2023251F82220190C02EACF
:10676000134391FAA1F2B2FA82F2D340AA689A4294
:1067700009D12046FFF7D0FA2046FFF721FB002180
:106780002046FFF7D5FA002070BDB1F5800F34D058
:1067900020461F49FFF7FCFA90BBB6F1806F28D066
:1067A000B6F1C06F27D0B6F1007F2CD102210F22A5
:1067B00004F0030304339B009A4042EA9402D3B2EC
:1067C0009B0003F1804303F580339E68A86826EAA6
:1067D0001246150C95FAA5F2B2FA82F200FA02F20C
:1067E000324320469A60FFF7A3FA2046FFF782FA69
:1067F000C9E70121DBE70321D9E76FF08500C3E793
:106800006FF00F00C0E76FF01500BDE7000001401A
:1068100019AA00080C291FB528BF0C210C460A4BE9
:10682000D3F8F02712BA0192D3F8EC2712BA0292E9
:10683000D3F8E8370A461BBA01A9039305F06FFCA9
:10684000204604B010BD00BF00F0FF1F2DE9F34744
:1068500003680446C3F38F25C3F38923FBB10122E8
:106860008A4223D3324A15F0010F906940F00100AB
:10687000906192694FEA132002F001020192019A9D
:106880002C4AC3F3440300FA03F009BF5368D369E9
:10689000034343F0E06316BF03435360D361264FC5
:1068A00004EBC106A64209D1002019E054F83200D9
:1068B000C0F38920984238D10132D1E7D4E90025CC
:1068C00012F003090FD145F04105C2F3870AC2F364
:1068D000831257F82280B8F1000F15D16FF0120023
:1068E00002B0BDE8F087B9F1020FEED0B9F1010FA7
:1068F00007D115F4C07F0CBF45F0020545F0040533
:10690000E3E745F00105E0E7404605F053F90028CC
:10691000E4D04B462A4640460AF00F0104F021F924
:10692000002804F10804BDDADAE76FF01500D7E7B4
:106930000010024000000140C8C7000843681B68FF
:1069400003F1140252E8002F42F0010203F1140097
:1069500040E800210029F3D10D4A934207D0A2F567
:106960007442934203D002F58062934203D11A69C4
:1069700042F040021A6103F10C0252E8002F42F487
:10698000807203F10C0040E800210029F3D1704728
:106990000038014043681B6803F1140252E8002FDD
:1069A00022F0010203F1140040E800210029F3D194
:1069B0000D4A934207D0A2F57442934203D002F5E8
:1069C0008062934203D11A6922F040021A6103F1F6
:1069D0000C0252E8002F22F4807203F10C0040E810
:1069E00000210029F3D1704700380140F8B50C466A
:1069F000036941685E682379012B33D09A1E5542A2
:106A00005541AD026279022A96BF354F4FF4005CC2
:106A100037F812C0A279042A27D0003B18BF0123FF
:106A20001B03E279012A0A680CBF4FF44077002764
:106A3000A642D1681CD121F4B05129430B43D36045
:106A4000136923F4405343EA0C03136143681A6843
:106A5000536923F440733B4353613168BDE8F84008
:106A600004F0E8B84FF4C065CCE74FF48053D8E7A2
:106A700001F4C0618D421FBFD16821F4C061294378
:106A8000D160426811680A6902F4405294451FBF00
:106A90000A6922F4405242EA0C020A614268116813
:106AA000CA6802F4805293421FBFCA6822F480521F
:106AB0001343CB6043681A68536903F440739F42E1
:106AC0001FBF536923F440733B435361216833680C
:106AD000994203D004F0AEF823683360F8BD00BFDC
:106AE000D8C800082DE9F0410C464368A6791D6816
:106AF0000369D3F804800B794979012B33D102293A
:106B00004CD9042E47D04FF480574FF4C062032372
:106B10008B4240D1002F79D0002A14BF03220422D7
:106B2000B24238D1E37963B1012B34D13A4B9D4263
:106B300007D0A3F574439D4203D003F580639D42C3
:106B400029D1EB68214623F40053EB60FFF74EFF99
:106B5000EB6843F40053EB6094E8030088E803001B
:106B60000020BDE8F081022B08D1022921D9042E92
:106B700011D04FF480624FF48057C8E702290A46CB
:106B80001FD9042E04D133B94FF480571A46BEE7FB
:106B900063BB0329C4D06FF08500E2E71F4A042ECF
:106BA00032F811C0F7D04FF4C062033B012B10D86C
:106BB000F1E71A4A042E32F811C0ECD04FF480628B
:106BC000F3E7164A042E32F811C016D1002BE2D199
:106BD0001A464FF48057BCF5805F13D0BCF5405F78
:106BE00012D0BCF1000F92D1012391E7033B012B9E
:106BF000D1D90022BFE70022D7E7002BFBD11A46EC
:106C00001F46E8E7002383E7022381E7002A14BF39
:106C10000222032284E700BF00380140D8C80008E0
:106C20002DE9F3410446476805692948286004F0C6
:106C3000C1FF20B96FF0120002B0BDE8F0812868F2
:106C4000F96883681B6898470028F5DB0021386ADB
:106C500001AA03F09BFF0028EEDB019B00221979BB
:106C60001868FFF7F3FD0028E6DB666823693568DE
:106C7000D3F80480EB6823F40053EB60706804F0F1
:106C800099FF0028D6D0D6E901018368DB6803B1FB
:106C9000984705F10C0353E8003F43F00C0305F15E
:106CA0000C0141E80032002AF3D141462046FFF7AB
:106CB0009DFE337D1BB16B6943F008036B61EB688C
:106CC000204643F40053EB607B6A98470020B3E70B
:106CD000A8C200084FF0E02310B50F499C691A695B
:106CE00008689B690D4902F4803234B993B90346B0
:106CF0004AB90A681044C01A10BD002B08BF0346E9
:106D00000AB9A342F5D90A6802440A604FF0E022AA
:106D10001269EEE70446F3E7281800202418002043
:106D200010220A4B002083F823204FF4E152084B35
:106D30001A60084B41F61F4218604FF0E0235A6179
:106D400098611A6942F007021A61704700ED00E08D
:106D5000281800202418002010B5FFF7BBFF1049A9
:106D6000104B0868D3E90042001942F10002C3E960
:106D7000000200230B604FF4E1530B4AD2E90041BB
:106D8000001BB0FBF3F043431B1941F10001C2E9C2
:106D9000003101F0CDFFBDE81040FEF7D5BC00BFCB
:106DA00024180020D80B0020D00B00202DE9F04142
:106DB000DFF8E08099B1421C0BD14FF0E02213695B
:106DC00023F0010313614FF07F43C8F80030BDE8A2
:106DD000F081D8F80060012807DC00270BE0431C95
:106DE000D8F80060F7D140F6191040F61A1398420F
:106DF000A8BF1846471EEFF31185102383F31288AE
:106E0000BFF36F8FFFF766FF4FF0E023224C9969C5
:106E1000D4E9002380184FF0000243F10003C4E9D5
:106E200000031E4B1A601E4B1A68831A2ED44FF4AF
:106E3000E15C0CFB073303F5E0531F33B3FBFCF7B6
:106E4000131A0CFB0733B3F5806F38BF4FF4806320
:106E5000144A934228BF13464FF0E022C8F800308E
:106E6000013B90695361002381429361A1EB0003D0
:106E700038BF9B19D4E900125B1842F10002C4E943
:106E8000003285F31188BFF36F8FA0E74FF4806362
:106E9000E2E700BF28180020D80B002024180020AB
:106EA000D00B002020DFFF0038B5EFF31185102351
:106EB00083F31288BFF36F8F084B1C68084B1B6865
:106EC000E41AFFF707FF85F31188BFF36F8F4FF4C4
:106ED000E1532044B0FBF3F038BD00BFD80B0020D5
:106EE000D00B002038B5EFF31185102383F31288FF
:106EF000BFF36F8F044B1C68FFF7ECFE85F311881E
:106F0000BFF36F8F204438BDD80B00200D4A536863
:106F100003F00C01082912D10B48C3F38341DB03B2
:106F2000405C09D55368094AC3F340435043084ABB
:106F3000D35CB0FBF3F07047064B584370470348EF
:106F4000704700BF0010024056D2000800127A00BD
:106F500054D2000800093D002DE9F04F044685B0E9
:106F6000006804F04AFB10F4004500F052844FF032
:106F70002808DFF808922068B0F84430190402D4D9
:106F800005B0BDE8F08FB0F84460B1B216F00F065E
:106F900040F0C88011F010012CD103889BB203EAA5
:106FA000090343F400430380226894F82800B2F8F0
:106FB00050309BB203EBC00302EB4302B2F804343F
:106FC000E26BC3F309031A4463642046E26303F0EF
:106FD000DAFA94F82430002BCDD0226C2168002AF4
:106FE000C9D194F8243043F08003A1F84C3084F8E0
:106FF0002420C0E70588ABB215F4006521D0B0F8B5
:10700000503094F868219BB203EBC20300EB4303BA
:10701000B3F80C34B4F86E21C3F30903C4F8843117
:1070200004F52C7104F09BFD22682046138823F0A0
:1070300070031B051B0D43F080031380FFF714F949
:1070400099E71E0497D5038823F070031B051B0DD9
:1070500043F080030380206894F86821B0F8503032
:107060009BB203EBC20300EB4303B3F80C34C3F34E
:107070000903C4F884318BB1D4F87C1171B1B4F830
:107080006E2104F06CFDD4F87C31D4F884212946BB
:1070900013442046C4F87C3103F05FFA2368198852
:1070A0008AB209053FF567AF02F44052B2F5405F7E
:1070B0003FF461AFB3F8501003F20C4389B25A5A4F
:1070C000C2F309025A52D4F878213E2A1ED9500937
:1070D000D7065A5A08BF00F1FF3092B242EA802226
:1070E0006FEA42426FEA524292B25A5222681388C1
:1070F00023F4804323F070031B041B0C83F44053E0
:1071000043F4004343F08003138034E70AB95A5A2A
:10711000E6E75008D6075A5A48BF013092B242EA11
:107120008022E1E730F826301D049FB240F18A80CA
:1071300030F8263008FB064123F070031B051B0DB9
:1071400043F0800320F8263091F874312068BBB9F1
:10715000B0F8503091F868219BB2063303EBC203BC
:1071600000EB4303B3F80054C5F30905002D4DD0DF
:107170002B46B1F86E21D1F87C1145E00F8FFFFF4F
:1071800091F86B3191F86821022B40F0E680B0F85D
:1071900050504FEAC20BADB217F4804ED1F8803197
:1071A00000F5806A5D4407F0400C00F097800235DE
:1071B0003AF81550C5F309059D427BD85B1BC1F811
:1071C0008031002B79D0BCF1000F13D0282303FBB2
:1071D0000643226893F8681132F8213023F4E04323
:1071E00023F070031B041B0C43F4004343F0C00363
:1071F00022F8213055B128212B4601FB0641B1F878
:107200007021D1F87C11206804F0A9FC08FB06F17C
:107210006318D3F884212A44C3F88421D3F87C214D
:107220002A44C3F87C21D3F8802122B1D3F87831E5
:107230009D4280F0C98008FB0643204693F8681100
:1072400003F08BF9380622687FF595AE32F82630C8
:1072500008FB06459BB203EA090343F4004322F806
:10726000263095F82B30012B40F0DA80002095F87D
:1072700034302864002B00F0B98017F0400795F8EF
:10728000291095F8283000F0B780002940F0A3803D
:1072900022681B01B2F8501002F2044289B20A447B
:1072A000995AC1F309019952995A89B241F400419E
:1072B00099529BE00023C1F8803130F8223023F44A
:1072C000804323F070031B041B0C83F4005343F42E
:1072D000004343F0800320F8223074E706353AF883
:1072E0001550C5F309059D4224D85B1BC1F88031B8
:1072F00013B3BCF1000F13D1282303FB064322680C
:1073000093F8681132F8213023F4E04323F070033E
:107310001B041B0C43F4004343F0C00322F821304C
:10732000002D3FF473AF282101FB06412B46B1F835
:10733000722166E7C1F880E130F8223023F48043FF
:1073400023F070031B041B0C83F4005343F400432D
:1073500043F0800320F82230CBE730F8223023F4CA
:10736000E04323F070031B041B0C43F4004343F081
:10737000C00320F82230206891F8683130F82320CB
:10738000DB0012F4804FB0F8502092B20ED00232DF
:10739000134400EB4303B3F80054C5F30905002D73
:1073A0003FF434AF2B46B1F87021E4E6134400EB10
:1073B0004303B3F80C54C5F30905002D3FF426AF81
:1073C0002B46B1F87221D6E601F5B471206821444C
:1073D00004F029F936E7012908D122681B01B2F827
:1073E000501002F2044289B20A44985295F82810CB
:1073F000204603F0C8F8BEE5226831B9B2F8501053
:107400001B0189B202F20C4249E70129EED1B2F820
:10741000501002F20C4289B21B010A449F52E5E768
:10742000206895F82810B0F850204FEAC10A92B2AF
:1074300017F4807C2B6C00F5806E524417D1023219
:107440003EF81220C2F309029A4202D3C5F840C0A6
:10745000CEE79B1A2B64EB6B06FB08811344EB63AE
:107460006B6C214413446B6404F0DDF883E517F082
:10747000400C07F4804700F0E78002323EF812200B
:10748000C2F309029A4211D3002295F829302A64E6
:10749000BFB2002B54D0012B62D1B0F8503000F2B3
:1074A00004409BB218440901425259E09B1A2B64D4
:1074B000002F40F09380282303FB064393F84C10E1
:1074C000012940F00481D96B9F6B1144D963596C39
:1074D00011445964996CB942C0F08F80C91B9964FA
:1074E00095F829102268BBB2002940F09F80B2F8BD
:1074F000501095F8280089B202F2044200010A44B3
:10750000815A3E2FC1F30901815240F28180F90670
:10751000815A4FEA571C08BF0CF1FF3C89B241EA7F
:107520008C216FEA41416FEA514189B28152282191
:1075300001FB06410A8EC96B206804F064F8C6E0BE
:10754000B0F8503000F204409BB218440901435A8D
:10755000C3F309034352435A9BB243F400434352DB
:1075600095F82910236895F8282059BBB3F85010D6
:1075700003F20C4389B20B4411015A5AC2F30902B7
:107580005A525A5A6FEA42426FEA524292B25A52E1
:10759000204695F8281002F0F6FF002F00F09780A3
:1075A00095F82810226832F8213023F4E04323F0C4
:1075B00070031B041B0C43F4404343F0800322F888
:1075C000213084E00129E3D1B3F8501003F20C43D9
:1075D00089B20B44002112019952D9E730F82130C9
:1075E00023F4E04323F070031B041B0C43F44043DB
:1075F00043F0800320F821305DE719B9174683F87E
:107600004C106DE700220F4683F84C209A6467E720
:107610000FB9815A85E7815A4FEA570CFF0748BFD7
:107620000CF1010C89B241EA8C217EE701297FF43B
:107630007EAFB2F8501002F2044289B20A4495F8C3
:1076400028100901535272E706323EF81220C2F3A5
:1076500009029A424FD9C5F840C0BFB295F8293007
:10766000002B40F09A80B0F8503000F204409BB2FA
:1076700018440901435AC3F309034352435A6FEABA
:1076800043436FEA53439BB2435295F82910236852
:1076900095F82820002940F08C80B3F8501003F2B0
:1076A0000C4389B20B4411015A5AC2F309025A52CF
:1076B0005A5A6FEA42426FEA524292B25A522046F6
:1076C00095F8281002F05FFF002F3FF469AF95F89E
:1076D0002810226832F8213023F4E04323F04003DD
:1076E0001B041B0C83F0300343F4004343F080037E
:1076F00022F821303FE49B1A2B64BFB2002BADD09F
:107700006FB930F8213023F4E04323F070031B04F9
:107710001B0C43F4404343F0800320F8213028231E
:1077200003FB064393F84C100129D0D1D96B986C18
:107730001144D963596C11445964996B884244D3FC
:10774000401A986495F8290022688BB2002853D11A
:10775000B2F8500002F20C4280B2024495F82800C0
:107760003E294FEA0010175AC7F30907175237D9B5
:107770004F09C906115A08BF07F1FF3789B241EA1C
:1077800087216FEA41416FEA514189B211522822A3
:1077900002FB0646728EF16BCEE6012B7FF475AFCD
:1077A000B0F8503000F204409BB2184409010023A5
:1077B0006AE7012983D1B3F8501003F20C4389B270
:1077C0000B4400211201995279E718B9114683F848
:1077D0004C00B7E7002201469A6483F84C20B1E7D9
:1077E00009B9115ACDE74F08C907115A48BF0137E7
:1077F00089B241EA8721C8E70128C8D1B2F8501000
:1078000002F20C4289B20A4495F828100901535239
:10781000BDE7420512D522682046B2F8443023F471
:1078200080631B041B0CA2F84430FEF7E5FC2946DC
:10783000204605B0BDE8F04F03F02CBC43040AD548
:107840002268B2F8443023F480431B041B0CA2F8D6
:107850004430FFF795BB870405D52268B2F8443061
:1078600023F40053F1E710F480521AD02268204626
:10787000B2F8403023F004031B041B0CA2F8403084
:107880002268B2F8403023F008031B041B0CA2F856
:107890004030FEF7DFFC2268B2F8443023F4805316
:1078A000D3E706054DD56846216805460B4601F12C
:1078B000200633F8047B9E4225F8027BF9D1B1F80B
:1078C00040309BB243F00103A1F840302168B1F889
:1078D000403023F001031B041B0CA1F84030216849
:1078E000B1F844305D05FBD5B1F8443023F4806332
:1078F0001B041B0CA1F84430236830F8021B99527A
:107900000432202AF8D122682046B2F840309BB2D7
:1079100043F00803A2F840302268B2F8443023F460
:1079200000631B041B0CA2F844302268B2F84030FC
:107930009BB243F00403A2F84030FEF781FCFFF74E
:107940001FBB82050DD522682046B2F8443023F4CF
:1079500000731B041B0CA2F8443003F09AFBFFF7E2
:107960000FBBC3057FF50CAB2268B2F8443023F49B
:1079700080736AE7164A036890420AD0B0F1804FDC
:1079800007D0A2F59432904203D002F58062904273
:1079900017D14A6823F070031343CA6823F4407375
:1079A000134303608B68C3620B888362084B984261
:1079B00001D10B690363436943F001034361002074
:1079C000704703608B68C3620B888362F3E700BF74
:1079D000002C014070B50C78034630F82420C8789C
:1079E00022F4EC4222F070021204120C032803D895
:1079F000DFE800F0464D4B49012048F280052A435C
:107A000023F824200C78AD4E33F8242092B2324073
:107A100022432A4323F824200A7B0C78002A40F0D2
:107A20009780CA8803EB04154C78520852008CB337
:107A3000B3F85040A4B22C44A4F800240C7833F8D6
:107A40002420550609D533F8242092B2324042F45E
:107A5000004242F0C00223F82420CA780C78012AA0
:107A600033F82420964992B202EA010218BF82F04C
:107A7000200242F4004242F0800223F8242070BD2C
:107A800042F40072B9E742F4C0620020B5E742F464
:107A90008062FAE7B3F85040A4B22C44A4F808245A
:107AA0000A78B3F8505003EB0212ADB202F20C4266
:107AB000545BC4F3090454530C693E2C2FD9660956
:107AC000E406545B08BF06F1FF36A4B244EA8624FC
:107AD0006FEA44446FEA5444A4B254530C7833F828
:107AE000242055040DD533F8242022F4E04222F05E
:107AF00070021204120C42F4404242F0800223F859
:107B0000242009786F4CB1B91A8892B2224082F4CD
:107B1000405242F4004242F080021A80AFE70CB9B2
:107B2000545BD5E76608E407545B48BF0136A4B24E
:107B300044EA8624D0E733F8212092B2224082F42E
:107B4000005242F4004242F0800223F8212096E7DE
:107B5000CA78022A33F8242065D192B2324042F426
:107B6000014242F0800223F824200A780C89B3F8FD
:107B7000505003EB02126408ADB202F5806264005B
:107B800054530A784C89B3F8505003EB021264083E
:107B900002F581626400ADB254534A780C78002A31
:107BA0004BD133F8242052040DD533F8242022F48D
:107BB000E04222F070021204120C42F4404242F001
:107BC000800223F824200C7833F8242056060DD5A3
:107BD00033F8242022F4E04222F070021204120C46
:107BE00042F4004242F0C00223F8242048F280040C
:107BF0000D7833F8252022F4804222F0700212041E
:107C0000120C82F44052224323F82520097833F8DD
:107C1000212022F4E04222F040021204120C14430C
:107C200023F821402BE722F4E24222F070021204F2
:107C3000120C154323F8245097E733F824205504F9
:107C40000DD533F8242022F4E04222F07002120411
:107C5000120C42F4404242F0800223F824200C78B7
:107C600033F8242052060DD533F8242022F4E042C4
:107C700022F070021204120C42F4004242F0C002E0
:107C800023F82420CA780C78012A33F824200C4DDC
:107C900092B202EA050218BF82F0200242F40042CA
:107CA00042F0800223F82420097833F8212022F4BE
:107CB000804222F070021204120C42E78F8FFFFF05
:107CC000BF8FFFFF8FBFFFFFD8B10F4B984216D871
:107CD0000E4B984294BF002001200D4A136823F0F8
:107CE000070303431360136803F0070398421CBFA4
:107CF000136803F00703C01A18BF01207047022061
:107D0000EBE70120704700BF006CDC0200366E011B
:107D10000020024038B5EFF31185102383F3128859
:107D2000BFF36F8F064B9C6803F057FF85F31188F4
:107D3000BFF36F8F2046BDE83840FDF75BBE00BF44
:107D40002C18002038B5094B53F82040013053F867
:107D50002050A54200D838BD636823B1204603F007
:107D60003FFF0834F5E723689847FAE7C0C80008E2
:107D7000012270B52A4B032086B01A70FFF7E2FF8C
:107D800004F0EFF803F048FF0420FFF7DBFF254C79
:107D9000254D2646AE4204F1300410D300F074FDA8
:107DA000204C224EAC4226D300F082FDF9F7B0FE03
:107DB0001F4A137B23F00103137306B070BD54F800
:107DC0000C3C059354F8103C049354F8143C039372
:107DD00054F8183C029354F81C3C019354F8203C8E
:107DE000009354E90A2354E90C0100F025FB54F8F0
:107DF000303C5E65CDE7D4E90A23B3F1FF3F08BF0D
:107E0000B2F1FF3F05D052EA0301206803D103F02D
:107E100094FF3034C6E73146183000F00FFFF8E722
:107E20007A180020E0C4000810C5000845BE00080C
:107E3000500C002008B50348034A0021121A03F031
:107E4000E7FE08BD680200207C180020702370B592
:107E5000134E012203FB0066002386B0CDE9042304
:107E60000F220193CDE9023214230E4D0E4903FB7C
:107E70000055044601EB00214FF4807230460B4B55
:107E8000009500F0D9FA737B2C7423F0040373730C
:107E9000074B013403EBC423EE606B6006B070BD8A
:107EA000E00B00202C180020802800201BBC0008BC
:107EB00080200020BFB50020FFF744FF284B83F34C
:107EC0000888284C00256369274E43F400736361DA
:107ED000F02384F82230E57725766576A57684F858
:107EE0002050636A214F43F4E0236362FDF75AFD9B
:107EF000FDF784FE4FF0FF3340F20112A362E3620C
:107F00001B4B1C4C9A81B3601D6603F052FE01208E
:107F1000FFF718FF0220FFF715FF00F0E9FC164BF2
:107F200074610593012315494FF48052CDE9035341
:107F300020463B46CDE90155009500F07DFA064606
:107F4000627B204622F00402627303F032FF28466F
:107F5000FFF77CFF3A4631462046FDF72FFE00BF73
:107F60008028002000ED00E02C180020717D000822
:107F7000C00C0020500C002066D200088029002090
:107F80002DE9F341044617461E46EFF311881023EE
:107F900083F31288BFF36F8FC368334A7BB1806865
:107FA0009168884219D057EA060318D188F31188DE
:107FB000BFF36F8F6FF00F0002B0BDE8F0819168E2
:107FC00091F90E100133E36093682161A36088F397
:107FD0001188BFF36F8F0020EEE72169F2E791F976
:107FE0000E1090F90E306FF07E029942A8BF19462C
:107FF0009142B8BF11468B422DDD03F019FE0546B4
:1080000022464146CDE90076184800F089FB002859
:10801000E1D0EFF31186102383F31288BFF36F8F43
:10802000A068D0B1236821699C420AD04BB193F972
:108030000E309942A8BF19466FF07E039942B8BF2F
:10804000194603F0F5FD40B13146084800F0D8FB71
:108050006FF00A00B0E70025D2E7002DF4D186F3D7
:108060001188BFF36F8FF3E72C1800207B180020D6
:1080700038B58368044663B3194A926893422BD19A
:10808000C368012B03D9013BC360002038BDEFF367
:108090001185102383F31288BFF36F8F0169806805
:1080A00003F0C6FD204603F0D1FEA06058B190F960
:1080B0000E2022610022C26603F07BFE2946094899
:1080C00000F09EFBE1E7E06085F31188BFF36F8F5E
:1080D000DBE76FF01500D9E74FF0FF30D6E700BFC0
:1080E0002C1800207B18002038B50446EFF31185CA
:1080F000102383F31288BFF36F8F03F0A7FE48B1FC
:108100000022C26603F055FE2946BDE83840074804
:1081100000F076BBD4E902329A4218BF0133A36063
:1081200085F31188BFF36F8F38BD00BF7B18002027
:1081300013B5EFF31181102484F31288BFF36F8F0E
:10814000846844B1013C846081F31188BFF36F8F70
:10815000002002B010BD52EA030406D181F3118859
:10816000BFF36F8F6FF00F00F3E7CDE900230246F6
:10817000014800F0D5FAECE77B1800202DE9F04328
:1081800005464FF0FF364FF0FF37DFF8248185B00A
:10819000EFF31189102383F31288BFF36F8F2C6FD5
:1081A0008CB9022105F1880003F056FD00285DD14D
:1081B00000234946CDE90067029305F178023D4866
:1081C00000F044FCE4E76A6F236894422B6708BF21
:1081D0006B67D5F8883043F00203C5F88830E36850
:1081E00023F0040343F00103E360636889F311881B
:1081F000BFF36F8F20469847EFF31189102383F365
:108200001288BFF36F8FE368D90623F0010237D4D9
:10821000E260E3689A071AD5D8F8000023F0020359
:10822000E360A0B10021026888B143689C4237D165
:10823000036869BBD8F80420C8F80030824201D135
:10824000C8F80430002340F8083BFFF74DFFD5F88D
:10825000883023F00203C5F8883089F31188BFF312
:108260006F8FDB0594D400F04BFB91E705F18004A0
:1082700000220121204603F037FE0028F8D197E7BD
:1082800023F01103E36004F11000FFF72DFFC0E7B6
:108290000B60D8F80430834208BFC8F80410D1E757
:1082A00022B11368014610461A46BDE71346F9E7A6
:1082B0004C1800207B180020F8B5C36804469A07C4
:1082C0000F46C3F340062CD45B071AD40B680BB9D6
:1082D00083680B60E368DD0742BFA36802263B604A
:1082E0003D6858BF0126002D38D01E4B9B68AB421D
:1082F0000AD0D5F88830D807C3F3800214D46FF0C1
:10830000120600233B6024E003F00EFDD5F8883010
:108310000028F0D1D907C3F3C002F0D552B15B07F2
:1083200008D46FF00F06ECE7002AFAD1C3F3C003BC
:10833000002BF6D1002323606B6F63B9C5E91C44A1
:10834000284603F094FCE36843F00403E3603B68D1
:10835000A3603046F8BD1C606C67F1E76FF015064E
:10836000CFE700BF2C180020F0B50446002089B0EC
:10837000C4E91C000E9D04F17800C4E91E0004F15C
:108380008000C4E920004DB32879002840F2011094
:1083900008BF0120C4F8880000204FF0FF364FF0DE
:1083A000FF37CDE90330CDE90100CDE9066720466E
:1083B0000B4B009400F078F855B1296811B12046B4
:1083C00003F0B8FC6B791BB1237B43F001032373EB
:1083D000204609B0BDE8F04003F0AFBC0120D9E76A
:1083E0007D81000837B501900846EFF31184102114
:1083F00081F31288BFF36F8FC16811F01E0F16D181
:1084000053EA020508D101A9FFF756FF84F311884A
:10841000BFF36F8F03B030BD41F00801C160019917
:1084200010308161034900F009FC0120EEE70020D3
:10843000ECE700BF7DBC00082DE9FF41984600F144
:108440005803C0E916330E9B002603730423D51D81
:10845000437325F007050D9B0D440F468373294692
:10846000C0E906668660C6730446FDF74DF90C9BAD
:10847000073002930B9B20F0070001930A9B2D1AF3
:1084800000932A46434639462046FDF77BFB054BC1
:1084900066659B6803B11B6E2846236604B0BDE881
:1084A000F08100BF2C180020F0B5002587B005959D
:1084B000109DDDE9127604950F9D044603950E9DEF
:1084C00002950D9D01950C9D0095FFF7B5FFB6F146
:1084D000FF3F08BFB7F1FF3F05D056EA070305D1BC
:1084E000204600F09FF9204607B0F0BD3A463346DB
:1084F000024904F1180000F0A1FBF4E745BE0008B2
:1085000038B50D4D2B4653F8184F9C4200D004B996
:10851000EC68AB6838B95A7BD20604D1A26912B9AB
:10852000DA897F2A05D89C4202D0204600F0CEFA94
:1085300023466B6138BD00BF2C18002008B590F9A8
:108540000D200146002A437B04DA03F07F034373C6
:1085500003F0F5FB044B9868431A58425841BDE8B4
:108560000840FFF7CDBF00BF2C18002070B490F971
:108570000D30427B002B29DBD30627D183692BBB2F
:10858000134962F07F0242730A4652F8184F944230
:1085900018BF2346CC6923B9C0E900242060C86114
:1085A0000CE090F90E5093F90E60B5420AD0AE423D
:1085B00008DD5A68C0E9003210605860002070BCC5
:1085C000FFF79EBF9C42E7D01B68E4E770BC704792
:1085D0002C180020002A2DE9F0410E460CBF102176
:1085E0000821427B044611420FD141EA0203D2091D
:1085F00018D1437308291BD00120FFF781FFBFF377
:108600005F8F637B23F060036373264B9B68A342F9
:1086100041D1EFF30583002B3DD13046BDE8F04159
:10862000FDF7FEB903F07F03437303F088FBE1E736
:10863000A36813B1204603F08AFB04F1180003F08D
:1086400075FCA56D04F15807AF4211D04FF000083A
:1086500075B1284603F07BFB05F1180003F066FCBA
:108660002846C5F86C80FFF781FFA56DAF42EFD1BA
:108670000C4DAB689C42BFD1EFF30583002BBBD000
:108680000120FFF73DFF40F20112074B9A810022C3
:10869000AB601A66B3E786F31188BFF36F8FBDE84E
:1086A000F08100BF2C180020C00C002070B590F99C
:1086B0000D200146002A437B04DA03F07F03437355
:1086C00003F03DFB154A4B7B104663F07F034B7371
:1086D00050F8183FD469834208BF002323B9C1E989
:1086E00000042160D1610CE091F90E5093F90E6005
:1086F000B5420ED0AE420CDD5868C1E900300160D1
:1087000059609068BDE87040431A58425841FFF7DD
:10871000F7BE9C42E3D01B68E0E700BF2C180020A6
:10872000F8B5124B0C46DDE9067611469868104AFA
:108730001060EFF31182102282F31288BFF36F8F63
:108740009D68284603F00DFBB6F1FF3F08BFB7F167
:10875000FF3F06D03A463346064905F1180000F0BF
:108760006DFA2046BDE8F840FDF75AB92C180020F4
:108770005418002045BE0008F8B50446EFF31186F2
:10878000102383F31288BFF36F8F437B49B2DA065D
:1087900019D18569BDB903F07F03437303F0CFFAA4
:1087A000437B164A63F07F0343731346817353F888
:1087B000180F984218BF0546D0695DB9C4E900306A
:1087C0000460D46111E00020A17386F31188BFF327
:1087D0006F8FF8BD95F90E70B9420BD08F4209DD4D
:1087E0006B68C4E900531C606C600120FFF788FED1
:1087F0000120EAE7A842E1D02D68DEE72C1800202E
:1088000049B9EFF3058030B9054B5A699B689A4224
:1088100001D0FDF705B981F31188BFF36F8F704761
:108820002C18002010B5EFF31184102282F3128867
:10883000BFF36F8F427B510704D484F31188BFF3D9
:108840006F8F10BD22F004024273FFF78FFE2146A6
:10885000BDE810400148FFF7D3BF00BF7B180020E0
:10886000034648B9EFF3058232B9064A5169926866
:10887000914201D0FDF7D4B883F31188BFF36F8F15
:10888000704700BF2C180020EFF31181102383F3F1
:108890001288BFF36F8F054B9A68D37B013BD3736C
:1088A00081F31188BFF36F8F704700BF2C18002031
:1088B00038B5EFF31185102484F31288BFF36F8F5E
:1088C0000A4B00209A68D37B0133D373FFF718FE5D
:1088D00085F31188BFF36F8FEFF3118084F3128853
:1088E000BFF36F8FBDE83840FFF7BABF2C180020E8
:1088F000024B03F11802C3E9062270472C1800202E
:10890000F8B5EFF31185102383F31288BFF36F8F4F
:1089100019498868437B03F07F03437303F00FFA20
:1089200008468B685A7B62F07F025A7350F8182F02
:10893000CC69824208BF002222B9C3E90004236047
:10894000CB610CE093F90E6092F90E70BE420ED02E
:10895000B7420CDD5168C3E900210B605360012070
:10896000FFF7CEFD2846BDE8F840FDF759B8A24212
:10897000E3D01268E0E700BF2C18002050EA0103A2
:108980002DE9F04105460E4603D1FFF7B9FF00205F
:108990002BE0831C71F1FF3329DB03F0DCFA2C1888
:1089A000EFF31188102383F31288BFF36F8F124FF8
:1089B000124BB8681860FFF7C1FDB86810492A4625
:1089C0003346183000F03AF9BA684046537B43F01A
:1089D00010035373FDF724F803F0BDFA201A63EB7C
:1089E0000303012873F10003D1DBBDE8F0816FF0D0
:1089F0000104241AD4E700BF2C18002054180020CA
:108A000045BE0008B1F1FF3F08BFB0F1FF3F08B518
:108A100006D10A4B986803F0DBF94FF0FF3008BD30
:108A2000FFF7ACFFC11709304FF00A024FF0000307
:108A300041F10001F7F7ACFBF1E700BF2C18002073
:108A4000014B9868704700BF2C180020D3B5DDE9B2
:108A50000667089CCDE90067FFF762FE1CB1034B77
:108A60009B685B69236002B0D0BD00BF2C1800205A
:108A70000122044BC01A044BC0105843034B1A5434
:108A8000704700BF300D0020ABAAAAAA7B180020B7
:108A9000C3897F2B12D80A4B1B6863B1094B90F92D
:108AA0000E201B689A4209DB437BDB0606D1064B8E
:108AB000C31A18BF012303F0010070470023FAE72F
:108AC0005C18002058180020E00B002070B50E4BF9
:108AD0000E4C1E7C182303FB06440546204603F07B
:108AE00025FA00220A4B28469A55FFF7D1FF48B1D4
:108AF000084B2046BDE870401A680749013AD31771
:108B000000F09CB870BD00BF2C180020300D002074
:108B10007B1800205C180020718A000838B5EFF33C
:108B20001185102383F31288BFF36F8F104B114A06
:108B30009C681068A04206D1FFF7C8FF85F3118832
:108B4000BFF36F8F38BD00211B7C11600A4AD35CD4
:108B5000002BF3D02046FFF79BFF0028EED0637B6D
:108B6000DB0602D12046FFF7A1FD2046E4E700BF67
:108B70002C180020541800207B18002008B5064847
:108B8000064A0749121A03F045F8BDE80840054AAD
:108B90000549064803F03EB80000002068020020A6
:108BA00090D200080000000090D2000800000020D1
:108BB000034B1B680BB9FEF777B90020704700BF65
:108BC0006018002030B570B10B4B5B6898420AD03A
:108BD000036843B1D3E90421D0E90445121941EBFC
:108BE0000501C3E90421D0E9003213605A60002373
:108BF000C0E9003330BD00BF3C01002010B50E4B72
:108C00001C689C4204D1FFF7D3FF6FF0004010BDF9
:108C1000FFF7CEFF002CF8D0D4E904321B1A62EB28
:108C2000E072B3F1004F72F10001EEDA002AACBF3E
:108C300018460020EBE700BF3C010020B3F1FF3FE6
:108C400008BFB2F1FF3FF8B504461D4616465ED098
:108C50008160EFF31187102383F31288BFF36F8FC6
:108C6000013275F1FF3324DA6FF001032D49D1E9A8
:108C700000209B1A4FF0FF3262EB00009E1B60EB5E
:108C80000500012E70F1000301DA01260020C4E97D
:108C90000460254ED6F800C07568B44508BF4FF093
:108CA000000CBCF1000F0DD1C4E900652C607460AC
:108CB0001CE0FFF77DFF013645F10005361845EB56
:108CC000E070E4E7DCE90420D4E90431934271EB7D
:108CD000000E1DDAD21ADCF8043060EB0100CCE99A
:108CE0000420C4E900C31C60CCF804403368B342DC
:108CF00009D09C4207D10D4B1C6824B9FFF77EFFB9
:108D00002146FEF753F887F31188BFF36F8FF8BD44
:108D10009B1A61EB0001AC45C4E90431C4D0DCF816
:108D200000C0BEE7480D00203C0100206018002074
:108D30002DE9F84FEFF3118C102383F31288BFF362
:108D40006F8FDFF8B0A0DFF8B0900024C9F8000002
:108D5000DAF800000025504508BF0020274FE04604
:108D6000D7E90021D9F8003078B3D0E9046C4FEA94
:108D7000E37EB3427EEB0C0B05DAF61A6CEB0E04C5
:108D8000C0E9046421E0B21841EBE671C0E9044592
:108D9000C7E90021FFF716FF88F31188BFF36F8F33
:108DA00083689847EFF31188102383F31288BFF389
:108DB0006F8FD9F80030DAF800009B1B5045C4468D
:108DC000C9F80030CBD1D7E9002100249A1841EB33
:108DD000E373C7E90023C9F80040FFF70FFF2146FE
:108DE000FDF7E4FF88F31188BFF36F8FBDE8F84FFC
:108DF000FFF794BE3C01002060180020480D0020C1
:108E000010B5EFF31184102383F31288BFF36F8F33
:108E1000FFF7CEFE0346054AD2E90001181841EBE0
:108E2000E37184F31188BFF36F8F10BD480D0020EC
:108E30001FB5094A02AB92E803004FF4806283E851
:108E40000300009305494FF0FF330548FFF78CFA04
:108E5000002005B05DF804FB58C5000880390020EB
:108E6000500D002010B5044603F0CCF9034A01234D
:108E700002442046BDE8104003F092B81000000004
:108E80000CB430B589B005460C461C22002101A85F
:108E900003F053F902238DF806300E4B059502932B
:108EA00023462CB1B4F1004F28BF4FF00043013BE3
:108EB0001D440DAA0C9901A80695009200F0BCF87B
:108EC00014B10022059B1A7009B0BDE8304002B011
:108ED000704700BFB9C100080EB470B589B00DACC1
:108EE00005461C22002101A854F8046B03F025F963
:108EF00001238DF80630074B2246314601A8039323
:108F00000595009400F0F4FA09B0BDE8704003B094
:108F1000704700BFA5C10008242A2DE9F84F8046FC
:108F2000894601D8012A60D103F06CF91622414B21
:108F30001A50B9F1000F01D0C9F80080002319467A
:108F40001846BDE8F88F31460E4616F8013B202B37
:108F5000F9D0A3F1090004281C46F4D92B2B46D0E4
:108F60002D2B46D101274C788E1C302C48D13378DC
:108F700043F02003782B3ED132F010033BD1102573
:108F8000B046747802366FF0004317F1FF3B43F1AF
:108F9000000A2A46002358465146F7F7F9F80023FD
:108FA0008C461946392C82BF04F1FF3444F020046A
:108FB000263C303CA54228D998427CEB010E05DBCB
:108FC000614508BF834203D1A24201D247F00207A4
:108FD000A5FB033E05FB01EEE3184EF10001B6468A
:108FE0001EF8014BB0467646DCE70146ACE70027A9
:108FF000B9E70027B9E7002A14BF15460825C2E7DC
:10900000002A14BF15460A25BDE7B9F1000F01D0AB
:10901000C9F80080F80702D55B4261EB4101BA074D
:109020008ED503F0EFF82224024A5B4651461450D5
:1090300086E700BF0C0000002DE9F04F43688DB0BB
:109040000293837815469A07804640F10D810024EB
:109050000E78002E00F00A81252E0BD04B1C0393B6
:10906000013441463046029B98470028C0F2F68002
:109070000399EDE74E788B1C252E0393F0D0002743
:10908000B946BB46BBF11F0F38D8A6F12003102B01
:109090000AD8DFE803F02A0909300909092109097A
:1090A0000928092D09091F00A6F13003092B33D91E
:1090B0002A2E37D11BF0400F55F8043B40F0828038
:1090C000002BA7BF99464BF0200BC3F100094BF0D2
:1090D000280B01E04BF0010B039B13F8016B03938A
:1090E000002ECFD130E04BF0020B4BF0040BF3E736
:1090F0004BF0080BF0E74BF0100BEDE7BBF17F0FE7
:1091000019D8A6F13003092BD2D81BF0400F03D099
:109110000A2101FB0737DFE70A214BF0200B01FB97
:109120000939D9E72E2E06D11BF0400F40F09E8062
:109130004BF0400BD0E76C2E31D02BD8682E36D0B8
:109140006A2E3CD04C2E3AD0002F46F02003B8BFF8
:109150002BF04002A3F16501BCBF00271FFA82FB80
:10916000022901D9612B2FD10727073525F00705E3
:10917000DFF8A8A208351BF0080F66D056460AEBA8
:10918000070B5E4563D1A4EB0A0A06EB0A02A9EBC2
:1091900007096FE1742E9FD07A2E9DD0D4E71BF083
:1091A000800F18BF4BF4007B4BF0800B94E71BF44F
:1091B000807F18BF4BF4007B4BF4807B8CE74BF433
:1091C000207B89E71F4687E7A6F16301122900F299
:1091D000F080DFE811F013004F00EE00EE00EE002B
:1091E000EE004F00EE00EE00EE00EE00EE00FE009E
:1091F000E900EE00EE001B00EE00AF0055F8043B66
:1092000001278DF818300DF1180AB4E755F804ABB2
:10921000834BBAF1000F08BF9A461BF0400F14BFF2
:1092200039464FF0FF31504602F0AEFE0746A2E746
:1092300041462020029B984700280FDB013EB742A1
:10924000F6D34C44A41BB14698E74E46F7E7414697
:1092500016F8010B029B9847002892DA98F8023022
:1092600043F0040388F802304FF0FF3420460DB07D
:10927000BDE8F08F1BF0800F34D01BF4007F2CD0A2
:10928000073525F00705AA4669685AF8080B2BF040
:1092900010050029ADB237DA404261EB410145F4D7
:1092A00080650A230DF1180B5A4602F0A1FEA0EBCF
:1092B0000B0301936B0662D5019B25F001019F42D0
:1092C00089B240F3A180002E00F0998015F01002C1
:1092D00040F09C80BB460D4623E0AA465AF8040B9A
:1092E000C117D4E7AA461BF4807F5AF8041B01D1AA
:1092F0000846F5E71BF4007F15BF48B208B241F3FA
:10930000C01141F3C031C2E750EA0103C9D11BF0DB
:10931000400FC6D0002FC4D12BF01102BB4695B22E
:10932000019740F2064115EA01021CBF00220BF131
:10933000010B2CE00A232BF010021FFA82FB1BF01A
:10934000800C49D01BF400711DBF073525F00705BF
:10935000AA46AA461ABF5AF8080B69685AF8040BBD
:1093600050EA010545D12BF016051BF0400FADB2B8
:1093700042D0002F40D12BF0170295B2019715F083
:10938000100248D0019B002E42D103F1010B2907A6
:109390005AD4EB0706D5D9456FDDA9EB0B03CB46B5
:1093A00001995F185B4649E0102378264BF0100BBB
:1093B000C5E7782B04D1C6F1780343F01003BEE76C
:1093C00041462520029B98470028FFF647AF02340C
:1093D00047E608230026B2E7AA461BF480715AF834
:1093E000040BBDD01BF400711ABF6146C0B280B23D
:1093F000B6E72BF0060295B20DF1180B54E725F0F5
:109400001105BB46ADB28CE70D46B8E73B460D46AD
:1094100003F1020BBBE7DDF804B082E77BD2000862
:1094200074D20008CDE9043241462020029B9847BF
:109430000028FFF613AF049B059A01339945F1DC30
:10944000A4EB0B019B46CC180AB341463020029B8B
:1094500098470028FFF602AF8EB901342744019BDC
:10946000391B994223DC1D4655BB5546019AA9EB91
:109470000B0922441446914434E0019F92E741468F
:1094800030460234029B98470028E7DAE6E640F2CD
:1094900006410D42E2D015F0020F14BF2B20202010
:1094A00015F4806F414618BF2D200134EAE741468C
:1094B0003020029B9847002804F10104CFDACDE662
:1094C00006AB013D585D4146029B98470028CBDA28
:1094D000C4E641462020029B9847002804F101047D
:1094E000FFF6BCAEA9EB0403002BF2DCC0E500BF25
:1094F0002DE9F04F80460020824691B002920790FD
:109500000D4615F8014BACB1202C17D0A4F109037E
:10951000042B13D9252C17D0404607A902F0BFFD14
:10952000031EC0F2FF80DBB2A3420BD0414607AA64
:1095300002F0D5FD504611B0BDE8F08F404607A9B6
:1095400002F0D8FD2946DBE74C788D1C252CE3D0B2
:109550002A2C21D101268C78CD1C4FF0000906E081
:109560000A2202FB093915F8014B46F00206A4F164
:109570003003DBB2092BF3D916F0020F08BF4FF00E
:10958000FF396C2C35D009D8682C26D06A2C3ED0F7
:109590004C2C37D034B9CDE70026DEE7742C33D01D
:1095A0007A2C31D02146A54802F0CFFD0028C1D049
:1095B00016F001030ABFDDF808B000275BF8047B52
:1095C000039308BFCDF808B06E2C23D10023384692
:1095D000079A009602F06DFDB4E72C78682C03D052
:1095E00046F020060135D5E746F030066C780235A6
:1095F000D0E72C786C2C02D046F00406F2E746F057
:109600000C06F3E746F00C0615F8014BC2E746F0EE
:109610000806F9E7632C18D116F0020F08BF4FF0C7
:109620000109404607A902F03AFD00287ADB0FB194
:1096300007F8010BB9F10109F3D1039B002B81D18C
:109640000AF1010A5FFA8AFA7CE75B2C7FD12022BB
:1096500000210DEB020002F070FD00224FF0010C22
:1096600016461146144615F8013B002B54D05E2BCC
:1096700003D1F2B901240132F5E7A24219DD5D2BD5
:109680001FD02D2B15D1C1B110A800EBD30010F8BD
:1096900020EC03F007010CFA01F141EA0E01B3429C
:1096A00000F8201C0BD034BF013303F1FF33DBB2D1
:1096B000EAE7002908BF1E46E6E70121DBE70021B3
:1096C000D9E729B19DF8253043F020038DF82530E6
:1096D0004CB120230DEB03021178013B6FEA01012D
:1096E00002F8011BF8D10124404607A902F0D7FC7B
:1096F000031E10DBC3F3C4014031694411F8201C80
:10970000DAB203F0070341FA03F3D90711D4414653
:1097100007AA02F0E4FCA4B198F8023013F00C0F91
:109720003FF408AFBAF1000F14BF50464FF0FF30BE
:1097300001E70FB107F8012BB9F101094FF000045F
:10974000D2D1002F3FF479AF00233B7075E740463C
:1097500007A902F0CFFC0028E4DB6F2C54D035D8E9
:10976000642C53D0693C18BF01242401404607A94A
:1097700002F095FC2B2803D02D280AD146F0400694
:10978000B9F10109C8D0404607A902F088FC0028B9
:10979000C2DB30286DD1B9F10102049206D04046F7
:1097A00007A902F07CFC0028049A31DA4FF0000986
:1097B000CB46730603D5D9F100096BEB4B0B4A4638
:1097C0005B463846009602F074FC36E7732C0AD0EC
:1097D000752C0CBF0A241024C8E70FB107F8010B41
:1097E000B9F10109ADD0404607A902F058FC0028A4
:1097F000A7DB202803D0A0F10903042BEDD84146B4
:1098000007AA02F06CFC9CE70824AFE70A24ADE746
:1098100040F02003782B46F0800611D134F010037D
:1098200011D1B9F102020492C0D0404607A902F05A
:1098300036FC0028049AB9DB102404E083D2000827
:10984000002C08BF08244FF00009CB4601463928F8
:1098500082BF00F1FF3141F02001263930398C42BE
:109860000CD807AA414602F03AFC32067FF554AF05
:109870009FE74A46002CE6D10A24E4E7A4FB0990BE
:1098800004FB0B0011EB090940F1000B013ACDE993
:10989000042246F080068CD0404607A902F0FFFB68
:1098A0000028049AD2DA84E7704703460A46F0B4E7
:1098B0001979DB8800681343DC028768066906D5DE
:1098C00013F4402F03D0DA0748BF83F44023012567
:1098D00034688D4023F48012DB074CBF2C43AC432B
:1098E00034603B68F0BC184713B50C46836801A987
:1098F0005B68984738B9012303FA04F1019B1942C8
:1099000014BF0120002002B010BD03460A46197999
:109910000123006803FA01F103691B68194203D0AF
:1099200022B183681B6903E0002AFAD08368DB68F0
:10993000184708B502F013FB0A220023F6F728FCAB
:1099400008BD00210246084610B5136980321C1E6E
:1099500052F8743C18BF0124003B18BF012343EAAE
:1099600044038B400231062940EA0300EDD110BDCB
:1099700038B500230F25404301FB11041201501E8E
:1099800043F1FF31E4FB0501F6F702FC38BD034665
:1099900090F8DB04F0B193F83025022A0BD1D3F80C
:1099A000C804884216D0022903D1431E58425841A8
:1099B000704700207047032A0DD103EB8102D2F8D3
:1099C000440438B9022906D1D3F84804003818BF36
:1099D00001207047012070470346101E15D0CCBFF0
:1099E000012000205A1892F8D424C90190420B4457
:1099F00006D19A7842B9D868003818BF012070475C
:109A00001A790AB91869F7E701207047F8B51446C2
:109A1000A34207461A4601FB01F544D9002320055D
:109A2000210BF6F7B5FB0346A0FB0021C0F580141F
:109A3000120D42EA0132A4FB0341240D44EA013431
:109A40000444A2FB0310090D41EA0031A01AA0FB57
:109A50000306000D40EA06300244561AA6FB0360D6
:109A6000360D46EA00363144C4F5801607FB07F090
:109A7000A6FB0367360D46EA07363444A41AA4FB56
:109A80000346240D44EA06342244521AA2FB03235F
:109A9000120D42EA033211442D1AA1FB0515090DDE
:109AA00041EA053145182846F8BDB0F8DA3423B943
:109AB00090F8660800F0010070470120FAE738B519
:109AC00090F8DB3404460D467BB17823D0F8C80407
:109AD00004F5C07103FB0040012300F500701A4635
:109AE00000F0ECF9092384F831350023C4F834552B
:109AF000A4F8DA3484F8DC3484F8DF3484F82835C8
:109B000084F83035A4F86638A4F86038C4F86834AE
:109B1000C4F86C34C4F8703438BD2DE9F041054602
:109B20000E461746002400F5597856F8242058F8B8
:109B3000043F9A4208D1022C01D00134F5E7D5F850
:109B40006C2373689A4209D03B460022214628467E
:109B5000F8F762FF30B10134032CE6D10023012075
:109B600085F82835BDE8F08108B5C0F838150246FB
:109B7000FFF79BFF10B11046FFF7A1FF022008BDC1
:109B800010B400EB8103D3F86823D3F8684422446F
:109B9000C3F8682300EBC102D2E9E434013344F195
:109BA0000004C2E9E43490F83035022B08D1D0F833
:109BB000C8348B4204D110BC00F5C07000F05BB912
:109BC00010BC7047F0B5F1B1C61C041D00F11C05B6
:109BD00000F1080100F12C07012A1CD900230B70A9
:109BE000012323702B6823B9531CA8BF4FF0FF3209
:109BF0002A6043690BB92B68436100230362042385
:109C000080F87830F0BD461C841C00F11805C11D99
:109C100000F12807E0E72AB1012323703370002305
:109C20000B70EFE7087818B901220A703B60E9E78A
:109C300039685B1A132B82BF012322703370E1E76E
:109C400010B57F2204460021013002F076FA01238C
:109C5000C4E9033323702371A37010BDFFF7F0BF75
:109C6000002380F87810036270470346407800B103
:109C7000D87800F00100704710B54369044633BB43
:109C8000437953BBFFF7F1FF18B3636AD21A1E2A58
:109C900021D8E36853B90029D4BF002101212378DA
:109CA00099420CD1A0784000C0B210BD2369A3B97D
:109CB0000029D4BF00210121237899420FD02379B4
:109CC0007BB92369002B0CBF00200B20EDE704209B
:109CD000EBE70620E9E70520E7E70C20E5E70220AF
:109CE000E3E70B20E1E72DE9F0411D4683790446C7
:109CF0000F461646CBB1436AEB1A1E2B0CD801292E
:109D000005D0012E16D12369012B12D112E0C368B0
:109D1000012BF6D04563F4E701292FD0012E00D1A5
:109D2000A5630023E371238104E0012924D0012EDF
:109D300000D1A5633B1E18BF0123E360331E18BF8B
:109D400001234FF001083A4600212046236184F8A0
:109D500006802B466562FFF735FF2B4632464146AB
:109D60002046FFF72FFF636953B10023637223621C
:109D7000042384F878302CE04563D8E74563CDE7C9
:109D8000012F627A0ED1012E0CD12AB96672E563D9
:109D9000002323620C23ECE7E36BED1A132D88BF3D
:109DA0006671F5E76379B2B113B100236372EFE72F
:109DB000226C6372511C1CBF01322264236A002B87
:109DC00007D0CCBF0122002223789A4206D1A37883
:109DD0005BB9BDE8F081002BF0D0D9E72379002BE7
:109DE000F7D00B2300222262C3E70223FAE770B503
:109DF000066A04460D4646B10A463146FFF73CFF67
:109E000028B1002384F878002362002070BD236EFF
:109E1000EB1AB3F5AF7F04D30323206284F87830C4
:109E2000F3E7236B33B1E26DAD1AAB4202D80E23D8
:109E30002062F3E7D4E91A23B3F1FF3F08BFB2F180
:109E4000FF3F0DD0636D01330AD0D4E91C23002EEF
:109E50000ADD6FF000418B4208BFB2F1FF3F08D12D
:109E6000002323620723D9E7B3F1004F08BF002A7C
:109E7000F5E70120CAE7016AD0E91C325B1842EB22
:109E8000E172C0E91C32D0E91A32013342F100021A
:109E9000C0E91A32436D026D0133436532B193421A
:109EA00021BF00230362082380F8783070470078D0
:109EB000013808288CBF00200120704730B40446C8
:109EC000084611462278551E082D0AD86270A370E4
:109ED0000B220023227084F8203030BC0363FFF78C
:109EE000BFBE30BC704700EBC100408840087047DF
:109EF000F8B50346FFF7F7FFB0FA80F0C0F11F0096
:109F000003EB800CDCF81060CA00171D0C4606320B
:109F10008DB256B9012101FA00F0D9680143D96028
:109F2000CCF81040DD539D52F8BDF1000431585A71
:109F3000D85303EBC0009E52C5805D52F4E7043A4B
:109F40002DE9F041CC1D114424F0070421F0070154
:109F50000E1BF708B7FA87F24FF00008C2F124058C
:109F6000AD000735C2F12002ED0804604146A7604C
:109F7000C4F80C80920004F1100002F0DEF86B00CF
:109F800043F0010363807B1B04EBC5025900A4F876
:109F900000805180A21924F83550A2F80280A35302
:109FA00004EBC7035A88294642F001025A80204632
:109FB000BDE8F041FFF79CBF002070479446F0B524
:109FC0000446C369C66845684069AF1B281A1A1A57
:109FD000BB429CBFFF1AF618624528BF6246D81BD9
:109FE000904228BF10462368AD1B2B440B6063686A
:109FF00003446360F0BDD0E90123D21A8A420CD336
:10A000001944C368C269C0E90111C91A8A4201D959
:10A01000002070471344C360FAE76FF015007047E3
:10A020002DE9F34180460E46154600272A4601A930
:10A030004046FFF7C3FF044602463146019802F04E
:10A040006EF82D1B2744264401D0002CEED1394652
:10A050004046FFF7D0FF384602B0BDE8F081F0B5CA
:10A060000446944686690569A368C069AF1B5A1BFC
:10A07000B8429CBF36183F1A624528BF6246C01BD3
:10A08000904228BF10462368AD1B2B440B60236908
:10A0900003442361F0BDD0E90423D21A8A420CD3D1
:10A0A0001944C0E90411D0E90632C91A8A4201D91B
:10A0B0000020704713448361FAE76FF01500704782
:10A0C0002DE9F34180460D461646002732464046AC
:10A0D00001A9FFF7C4FF04462DB1024601992846A5
:10A0E00002F01DF82544361B274401D0002CEDD189
:10A0F00039464046FFF7CFFF384602B0BDE8F08151
:10A10000704710F0700F09D100F07F0310F0800F3E
:10A110004FF0010018BF103398407047002070477F
:10A120002DE9F84306460F469046994604254B46CE
:10A13000424639463046FBF7C7FF10F10B0F044685
:10A1400003D1FEF7DDFB013DF1D12046BDE8F883E8
:10A15000006838B150F8043C04385B688B4201D089
:10A160004068F6E77047006848B150F8043C04388E
:10A170005B685B689B788B4201D04068F4E770476E
:10A1800030B5006888B150F8043C04385B681A6A3E
:10A190001D7F0023043ADCB2A54201D84068F1E7F4
:10A1A000013312F833408C42F5D130BD08B5FAF7CF
:10A1B000FBFE28B1406810F1100F14BF00200120F1
:10A1C00008BD4B1CDBB28170817680F82530C376E8
:10A1D00000F8061C704750E90231D0F89C0018477F
:10A1E0000022036983F84A207047036993F84A0004
:10A1F00008B193F8480070470022036983F84B20A8
:10A200007047036993F849007047036993F8482041
:10A2100012B193F84A202AB993F8490018B193F87B
:10A220004B00704701207047012070470369C3E964
:10A23000001270470229036908D004290BD00129B4
:10A240000ED1D3F8943000201360704793F89B3000
:10A25000C3F34003F7E793F89B3003F00103F2E701
:10A260006FF085007047CB7902690BB1012B03D1E8
:10A27000002082F8A13070476FF08500704710B55C
:10A280000369D3F894200A6093F898206AB1012AF0
:10A290000CBF022203224A7193F89920501E032812
:10A2A00005D8DFE800F0050505050122F3E70022E7
:10A2B0000A7193F89A20062A0BD0072A0BD0052A98
:10A2C0000CBF002203228A7193F8A1300020CB71C9
:10A2D00010BD0122F7E70222F5E708B5402903691E
:10A2E0003FD013D8102932D006D801291ED0082912
:10A2F00020D06FF0120008BD2029FAD193F89C10ED
:10A3000001F0FB0152B341F0040127E0B1F5807F79
:10A3100030D0B1F5007F36D08029EAD193F89C1077
:10A3200001F0EF01D2B141F0100117E0C3F8942021
:10A330000020E0E793F89C1001F0FE010AB141F023
:10A34000010183F89C100121FBF7E0F8F0E793F896
:10A350009C1001F0FD010AB141F0020183F89C104C
:10A36000F2E793F89C1001F0F701002AF6D041F0D3
:10A370000801F3E793F89C1001F0DF01002AEDD00B
:10A3800041F02001EAE793F89C1001F0BF01002A98
:10A39000E4D041F04001E1E770B504690546D4F826
:10A3A0008C00FFF78DFED4F88C3006461A69996848
:10A3B000914204BF002284F8492094F8A0209AB169
:10A3C0005A685969DB69521A9B1A3F2B0CD994F8C9
:10A3D0009E3033B16B6822461B6A0021187BFBF765
:10A3E000EFF8002384F8A030304670BD012208B594
:10A3F000FFF7D2FF013818BF4FF0FF3008BD01282A
:10A4000001D1EFF30583FDF785BC01460068FFF736
:10A41000F6BF00210120FFF7F2BF61B662B680F3FC
:10A420001188BFF36F8F704772B6002383F31188D2
:10A43000BFF36F8FBFF34F8F30BF62B6BFF36F8F25
:10A44000704708B5FBF7FEFB002008BD08B50622E3
:10A4500001210020FBF742FC002206201146FBF7F9
:10A4600063FB012107220846FBF738FC0022072086
:10A470001146FBF759FB082201210220FBF72EFCB5
:10A48000002208201146FBF74FFB0922012103207F
:10A49000FBF724FC002209201146FBF745FB0A22AA
:10A4A00001210420FBF71AFC00220A201146FBF7C9
:10A4B0003BFB052117220846FBF710FC0022172062
:10A4C0001146FBF731FB282206210A20FBF706FC88
:10A4D000002228201146FBF727FB002008BD10B5FD
:10A4E0000C46FBF777FC10B18460002010BD6FF0C4
:10A4F0001500FBE7027903780AB95A0606D113F072
:10A50000780F14BF4FF0FF30002070474FF0FF303E
:10A51000704710B50C46FBF75DFC20B11CB14379C8
:10A520000020237010BD6FF01500FBE710B5044646
:10A53000FBF71CFE10B16FF0150010BD2046FBF7B5
:10A5400043FE0028F9D0F6E708B5FBF743FC08B155
:10A55000008808BD6FF01500FBE770B501F07F04BF
:10A560002046FBF737FC054600F10C012046FBF7BF
:10A57000E7FC00232B61AB6823B12046BDE87040A7
:10A580000121184770BD70B541F080042046FBF7EB
:10A5900021FC05461430FDF7A7FDAB6823B120462A
:10A5A000BDE870400221184770BD0B6882B0A3F16E
:10A5B0001402082A12D803F1804303F504331A6801
:10A5C0004868024300201A600B6803F1804303F5DA
:10A5D00004331B680193019B02B070476FF0850044
:10A5E000FAE70B68A3F11402082A9FBF03F1804326
:10A5F00003F504331A6849689BBF00208A436FF053
:10A6000085001A6070470B68A3F11402082A0AD863
:10A6100003F1804303F504331A684B68934314BF76
:10A6200001200220704723F00403012B0CBF0220FD
:10A630000120704710B50B6823F00403012B21D1D2
:10A640004A68FF2A1CD0D3B203F1804303F50433D8
:10A650001868C2F34234C2F3042204FA02F220EA78
:10A6600002021A604968CBB203F1804303F5043358
:10A670001868C1F30242C1F304218A4002431A6000
:10A68000002010BD6FF08500FBE770477047416305
:10A69000704781637047C163704701647047406BC6
:10A6A0007047806B7047C06B7047006C70476FF0ED
:10A6B0000203036170476FF00403036170476FF09A
:10A6C0000803036170476FF0100303617047C368AC
:10A6D00043F00203C3607047C36823F00203C36002
:10A6E0007047C36843F00403C3607047C36823F036
:10A6F0000403C3607047C36843F00803C360704736
:10A70000C36823F00803C3607047C36843F01003B5
:10A71000C3607047C36823F01003C3607047436889
:10A7200000201A69136843F00103136070474368FF
:10A7300000201A69136823F001031360704743680F
:10A740001B69D86A7047436800201B695B6A0B600D
:10A750007047002270B5456804692B694668767AAF
:10A76000964219DCDA6822F00102DA600A68DA62DD
:10A770006FF001021A614A6822608A686260CA68E2
:10A7800012F001040ED15C6200204A681AB1DA6846
:10A7900042F00102DA6070BDEE6856F832607EB9B0
:10A7A0000132DBE740680C680069406A8442EBD8FC
:10A7B000920748BF00226FF03D0048BF5A62E4E7AD
:10A7C0006FF00F00E7E7036998687047036900209E
:10A7D00099607047036918697047002208B51C200A
:10A7E0001146FBF7A1F9BDE808401C20FBF77AB938
:10A7F00070B54368054606691C6943685B7A013B8E
:10A80000032B47D8DFE803F0352413022369DA0667
:10A810000AD5E368DB0607D56FF010032361032137
:10A820002846FBF71FFE02E0F3681807F7D42369F8
:10A8300019070AD5E3681A0707D56FF008032361E3
:10A8400002212846FBF70EFE02E0F3685B07F7D40F
:10A85000236958070AD5E368590707D56FF0040341
:10A86000236101212846FBF7FDFD02E0F3689A070A
:10A87000F7D423699B070AD5E368980707D56FF0DB
:10A880000203236100212846FBF7ECFD02E0F36898
:10A89000D907F7D42369DA070CD5E368DB0709D5B4
:10A8A0006FF0010323612B692846D3E90021BDE83D
:10A8B0007040104770BD416843685B7A013B032BD1
:10A8C0001DD8DFE803F01A1816020B691B69C3F3E1
:10A8D00000130A691269C2F3C0021A430B691B69AB
:10A8E000C3F3800313430A691069C0F3400018439F
:10A8F00070470023EDE70022F0E70023F3E7002094
:10A900007047436800205B689B680B607047436832
:10A910005B68D86842400A404240DA6000207047D5
:10A92000436800205B6819617047436800205B68DA
:10A9300059617047436800205A68D3684B40D36020
:10A94000704710B503699868F8B1884219D1DC687E
:10A950000868A142986000D1D860002008602AB140
:10A960009A680A60DA68996002B9D960002010E03C
:10A97000814206D108682060D8688142EDD1DC6050
:10A98000EBE7044600680028F2D1002AE8D16FF016
:10A99000150010BD91FAA1F3B3FA83F370B50D0E53
:10A9A0000F2691FAA1F1B1FA81F144599B0006FA00
:10A9B00003F3890024EA03048A402243425170BD14
:10A9C00091FAA1F3B3FA83F370B50D0E032691FA51
:10A9D000A1F1B1FA81F144599B0006FA03F3890011
:10A9E00024EA03048A402243425170BD91FAA1F344
:10A9F000B3FA83F370B50D0E042691FAA1F1B1FA02
:10AA000081F144599B0006FA03F3890024EA030408
:10AA10008A402243425170BD70B50B46896821B10E
:10AA200001255E680C68854001B970BD8A682A40BE
:10AA300002D030464B6898471CB1236821461C461B
:10AA4000F2E72346FAE770B501241546072904FA10
:10AA500001F2C8BF01F007014FEA0223C5BF8C40D5
:10AA60001C4342EA030444F08064EA07406822D4AD
:10AA700015F0060204D12146BDE87040FFF78ABFF9
:10AA8000022A01D10422F6E705F4C075802D6FEA91
:10AA900014264FEA14220BD192FAA2F20123B2FA41
:10AAA00082F2C168934031400B430822C360E2E761
:10AAB000C3683340F9E76B0654BF012209222146DF
:10AAC000FFF768FF15F0200218BF0422214605F0A9
:10AAD0001805FFF78BFF082D05D102222146BDE89E
:10AAE0007040FFF76DBF0DB90122F7E70322F5E7CC
:10AAF00013469A0310B518D59C070FD55A072DD5C4
:10AB00002122DC060CD542F0840213F4002F4468A5
:10AB10001BD0012364688B40236111E00122F0E720
:10AB20009C06F2D542F48272EFE713F4803207D02C
:10AB3000DC0611D413F0200F14BF4FF482720222EE
:10AB40004068FFF780FF002010BD5B03F8D50123AC
:10AB500064688B406361F3E78422F1E76FF085005E
:10AB6000F2E7F8B51F46044640680E461546FFF763
:10AB70006AFF032F08D1012303FA06F66368AA05CA
:10AB80005B684CBF1E615E610020F8BD30B5036894
:10AB900013600579046804EBC504A34202D36FF087
:10ABA000010030BD5C798C4201D00833F0E7002011
:10ABB000F7E74368C1F34B101B6801F01F01C05851
:10ABC00001238B40034214BF012300230020137094
:10ABD000704710B54368C1F34B101A6801238458BD
:10ABE00001F01F018B4023438350002010BD012240
:10ABF00010B54368C1F34B14186801F01F012358C6
:10AC00008A4023EA02032350002010BD38B50446D1
:10AC10000D46FFF7DEFF29462046FFF7E8FF00203C
:10AC200038BD036882B00193019B43680193019B87
:10AC300002B0704737B50269436810680D461C685A
:10AC4000D9688368DB68B3B101AA9847002812DB92
:10AC50001922019BAD0053436422B3FBF5F1B1FB14
:10AC6000F2F002FB10131B013233B3FBF2F303EBE0
:10AC700000139BB2A36003B030BD08B543681868E9
:10AC800002680368C2F3C002D907036848BF42F0F4
:10AC900002029B07036848BF42F004025907036899
:10ACA00048BF42F02002DB0542BF6FF4807342F0E0
:10ACB00008020360D10701D5FFF7B3FF930701D561
:10ACC000FFF7AFFF510701D5FFF7ABFF930601D5A3
:10ACD000FFF7A7FF104608BD43681A6802F10C038E
:10ACE00053E8003F43F0400302F10C0040E800311C
:10ACF0000029F3D1704743681A6802F10C0353E846
:10AD0000003F23F0400302F10C0040E8003100292D
:10AD1000F3D1704743681B68186810F080001CBFAF
:10AD2000D868C0F38010704743681B681868C0F388
:10AD30008010704743681A6802F10C0353E8003F23
:10AD400043F0200302F10C0040E800310029F3D168
:10AD5000704743681A6802F10C0353E8003F23F080
:10AD6000200302F10C0040E800310029F3D17047C4
:10AD700043681B681868C0F34010704743681B683D
:10AD80001A68910602D5DA68920607D4186810F09E
:10AD9000400004D0D868C0F380107047012070478D
:10ADA000012070470369C3E9021270470269936882
:10ADB0000BB1D16818477047002208B5252011460D
:10ADC000FAF7B2FEBDE808402520FAF78BBE10B5B1
:10ADD000436810201B681A681206FCD5EFF3118235
:10ADE00080F31288BFF36F8F1C68240604D482F3AB
:10ADF0001188BFF36F8FEEE7596082F31188BFF3BC
:10AE00006F8F10BD08B54368186803681A0701D52D
:10AE1000FFF707FF03689B0649BF43684FF0FF3009
:10AE200000200B7008BD70B543681D68EC68EB68C6
:10AE300014F4805403D013F4C06F12D00024E3B292
:10AE40009A42184602DD2E68B60600D470BD6868C6
:10AE5000C8542B681B0702D52846FFF7E2FE0134D1
:10AE6000EDE76FF08500F1E7F0B543681B68DC683B
:10AE7000D868E40402D510F4C06F1BD0186810F035
:10AE800080000FD0EFF31186102080F31288BFF3FB
:10AE90006F8F0024E5B2AA42284604DC86F31188AD
:10AEA000BFF36F8FF0BD1F6801343F06F6D5485DD4
:10AEB0005860EFE76FF08500F4E703695B681B6893
:10AEC0000B6043681B68DB6803F4C063B3F5806FF5
:10AED0002FD0A3F5C06CDCF1000343EB0C030B7126
:10AEE00043681B681B6903F44053B3F5805F22D0AD
:10AEF000B3F5405F21D0002B0CBF012303234B711E
:10AF000043681B68DA68DB68D20403F4C06316D5B3
:10AF1000002B14BF032304238B71436800201B689C
:10AF20005B6903F44073A3F5407253425341CB7104
:10AF300070470223D3E70023E1E70223DFE7002B7A
:10AF400014BF02230323E7E77047F0B5044687B038
:10AF500010B390F8A93203F0FF021BB980F8A822C1
:10AF6000FFF7F2FF032325466E4684F8A93255F811
:10AF7000100B00F0CEF90FCD0FC62B6825463360BD
:10AF8000271D55F8100B97E80E0000F0B2F90646A1
:10AF900030B1022384F8A9320125284607B0F0BD5C
:10AFA0000146206800F0BFF931464FF0010E282617
:10AFB0000A46D4F804C0C8B2844501F101011DD885
:10AFC000002128260A46C8B2844501F1010121D892
:10AFD0000FCD6E460FC62B683360206897E80E00D1
:10AFE00000F0A3F905460028D3D1012384F82400FA
:10AFF000206884F8A93200F0FEFACEE706FB004391
:10B00000C3E90E2283F829E083F8280083F82B2077
:10B010001A64D0E706FB0043C3E95E2283F8692186
:10B0200083F8680183F86B21C3F88021CBE738B53A
:10B0300090F8A8320446012B10D0012580F8A852C0
:10B04000006800F05DF92946204600F048F92068C4
:10B0500000F0CFFA002084F8A80238BD0220FCE7F7
:10B0600010B590F8A8320446012B10D0012380F8C7
:10B07000A832006800F04DF90021204600F02FF9B9
:10B08000206800F0B8FA002084F8A80210BD022061
:10B09000FCE7704710B590F8A8220446012A0BD0AF
:10B0A000012280F8241080F8A822006800F09BFAA2
:10B0B000002084F8A80210BD0220FCE711F0800FE8
:10B0C00070B5054601F007004FF028011AD00124A1
:10B0D00000FB011129444C70022BCB7008BF0023E8
:10B0E000087008BF0B710A6195F8A832012B13D0C4
:10B0F0000123286885F8A832FCF76CFC002085F84D
:10B10000A80270BD002601FB00F404F5B4712C44C4
:10B11000294484F86961DFE70220F2E711F0800F2B
:10B1200010B501F0070204464FF0280113D00123A7
:10B1300002FB011101444B700A7094F8A832012BF4
:10B1400013D00123206884F8A83200F002F900200F
:10B1500084F8A80210BD01FB02F303F5B4710144A9
:10B160000344002083F86901E6E70220F2E770B5A6
:10B170002824002601F007014C430519C5E95F2387
:10B1800085F86811C5F8846185F8696104F5B471C2
:10B190000144006800F047FA304670BD282301F0F2
:10B1A000070103FB0100D0F88401704770B501F07E
:10B1B0000705282101FB05040026C4E90F2301220D
:10B1C00005FB011184F84C20A364666484F82920EF
:10B1D00084F828500144006800F025FA304670BD1C
:10B1E00038B5436801F007059D42044628D811F0A0
:10B1F000800F4FF028031AD005FB0333C118012339
:10B200004B7001230D708B7094F8A8229A4219D0CC
:10B21000206884F8A83200F07BF925B9206804F58D
:10B220002C7100F0EEF9002084F8A80238BD00224D
:10B230004B4303F5B4710344014483F86921E0E70B
:10B240000120F3E70220F1E738B5436801F00F026F
:10B250009A42044626D811F0800F01F007024FF001
:10B26000280115D0012302FB011101444B70002578
:10B270000A708D7094F8A832012B15D00123206834
:10B2800084F8A83200F064F9284684F8A85238BD42
:10B2900001FB02F303F5B47101440344002083F879
:10B2A0006901E4E70120F2E70220F0E710B5282465
:10B2B00011F0800F1BBF01F0070101FB044404FBE8
:10B2C0000100001908BF00F5B47099B21AB90273F1
:10B2D000C180002010BD012283600273F9E770472E
:10B2E00000234FF0FF320380C0E902234360036173
:10B2F000704784B001A880E80E0004B000207047B9
:10B3000003464FF43F420020A3F84400A3F8402036
:10B310007047B0F8403023F47C535B045B0CA0F81A
:10B320004030002070470020704784B010B50446BC
:10B3300003A880E80E0000200123A4F84030A4F800
:10B340004000A4F84400A4F85000BDE8104004B048
:10B35000704710B50C7B4B780A78002C3DD113B3A5
:10B3600030F822305C060DD530F8223023F4E0436B
:10B3700023F070031B041B0C43F4004343F0C00391
:10B3800020F822300A7830F8223023F4E04323F00A
:10B3900040031B041B0C43F4004343F0800320F8DC
:10B3A0002230002010BD30F822305B040DD530F87B
:10B3B000223023F4E04323F070031B041B0C43F4FE
:10B3C000404343F0800320F822300A7830F82230DE
:10B3D00023F4804323F07003DBE7002B4ED130F8D9
:10B3E00022305C040DD530F8223023F4E04323F002
:10B3F00070031B041B0C43F4404343F0800320F80C
:10B4000022300A7830F822305B060DD530F8223031
:10B4100023F4E04323F070031B041B0C43F40043AC
:10B4200043F0C00320F822300A7830F8223023F4A9
:10B43000E04323F070031B041B0C43F4004343F070
:10B44000C00320F8223048F280020C7830F8243013
:10B4500023F4804323F070031B041B0C134320F8D8
:10B460002430097830F8213023F4E04323F04003FE
:10B470001B041B0C1A4320F8212092E730F82230DD
:10B480005C040DD530F8223023F4E04323F0700340
:10B490001B041B0C43F4404343F0800320F822308C
:10B4A0000A7830F822305B060DD530F8223023F4CC
:10B4B000E04323F070031B041B0C43F4004343F0F0
:10B4C000C00320F822300A7830F8223023F4E04319
:10B4D00023F070031B041B0C43F4404343F0800330
:10B4E00020F8223048F280020C7830F8243023F41F
:10B4F000E04323F040031B041B0C134320F82430CB
:10B50000097830F8213023F4804323F07003AFE74B
:10B510004B780A788BB130F8223023F4E04323F0E3
:10B5200040031B041B0C83F0100343F4004343F05F
:10B53000800320F822300020704730F8223023F4B6
:10B54000804323F070031B041B0C83F48053ECE74F
:10B550000B7B43BB4B780A783BB330F822305B0659
:10B560000DD530F8223023F4E04323F070031B04A0
:10B570001B0C43F4004343F0C00320F82230CB7887
:10B58000012B10D00A7830F8223023F4E04323F066
:10B5900040031B041B0C83F0200343F4004343F0DF
:10B5A000800320F822300020704730F822305B04FE
:10B5B0000DD530F8223023F4E04323F070031B0450
:10B5C0001B0C43F4404343F0800320F822300A78F8
:10B5D00030F8223023F4804323F070031B041B0C4B
:10B5E00083F44053D9E711B98023A0F84C300020F0
:10B5F00070470020704700207047B0F8440080B2C8
:10B6000070470020704700EB4200013300F5806076
:10B610005B0800EB8303834200D1704731F8022BB3
:10B6200020F8042BF7E7F8B50C46497805460129C0
:10B63000227B40F084812769A669BE4228BF3E462E
:10B640000ABBB6B2E28861693346FFF7DCFFB5F8A2
:10B650005000217880B205F20442090102448E5262
:10B66000227835F8223023F4E04323F040031B0412
:10B670001B0C83F03003002043F4004343F08003AD
:10B6800025F82230F8BDE278236A022A217840F0BA
:10B690003F819F4280F0228130F8213023F4E04343
:10B6A00023F070031B041B0C43F4014343F080039D
:10B6B00020F82130236A22789B1B236230F8221065
:10B6C000B3B211F0400F617800F08680002960D19C
:10B6D000B0F8501000F20C4089B208441201815AAF
:10B6E0003E2EC1F30901815246D9F106815A4FEA33
:10B6F000561708BF07F1FF3789B241EA87216FEA81
:10B7000041416FEA514189B281526289616928469B
:10B71000FFF779FF6369226A3344636123696178C3
:10B720009A428ABF931B00233246236293B20029B8
:10B7300046D1B5F850602078B6B205F20441000158
:10B740003144465A3E2AC6F3090646522CD95609B8
:10B75000D206425A08BF06F1FF3692B242EA86226A
:10B760006FEA42426FEA524292B24252228928461E
:10B770006169FFF748FF73E70EB9815ABFE7F10728
:10B78000815A4FEA560748BF013789B241EA8721FB
:10B79000B9E70129B9D1B0F8500005F20C4180B2E7
:10B7A000014412018B52B0E70AB9425AD8E7560851
:10B7B000D707425A48BF013692B242EA8622D3E7FF
:10B7C0000129D3D1B5F85000217880B205F20442A6
:10B7D000090102448B52C9E700295CD1B0F850102E
:10B7E00000F2044089B208441201815A3E2EC1F38E
:10B7F0000901815242D9F106815A4FEA561708BF12
:10B8000007F1FF3789B241EA87216FEA41416FEAC8
:10B81000514189B28152228961692846FFF7F3FEBE
:10B820006369226A33446361236961789A428ABFFB
:10B83000931B00233246236293B2002942D1B5F80C
:10B8400050602078B6B205F20C4100013144465AEE
:10B850003E2AC6F30906465228D95609D706425A47
:10B8600008BF06F1FF3692B242EA86226FEA4242F0
:10B870006FEA524292B24252628978E70EB9815A17
:10B88000C3E7F107815A4FEA560748BF013789B22B
:10B8900041EA8721BDE70129BDD1B0F8500005F28A
:10B8A000044180B2014412018B52B4E70AB9425AF2
:10B8B000DCE75608D207425A48BF013692B242EA44
:10B8C0008622D7E70129D7D1B5F85000217880B278
:10B8D00005F20C42090102448B52CDE730F82120D9
:10B8E0009BB222F4E24222F070021204120C42F4E3
:10B8F000004242F0800220F82120B0F85060217808
:10B90000B6B200F20442090132445352228910E0D7
:10B910009B1B236230F82120B3B2B0F85060570669
:10B920004FEA0111B6B206D500F20C42324453522E
:10B93000628961691DE700F204423244E5E752BBC7
:10B94000A36921698B4288BF5A1AA261B0F85000DE
:10B9500088BF0B46217880B205F20C4209010244EF
:10B96000885A3E2BC0F30900885209D95809DE06CF
:10B970008B5A08BF00F1FF309BB243EA802303E0FB
:10B98000002B40F0D7808B5A6FEA43436FEA534352
:10B990009BB28B525DE0E378022B40F08A80E9B9DC
:10B9A000B0F8503021789BB200F2044209011A44E9
:10B9B0008B5AC3F309038B5223693E2B55D958097F
:10B9C000DE068B5A08BF00F1FF309BB243EA8023AA
:10B9D0006FEA43436FEA53439BB28B5262782378FA
:10B9E000002A5AD1B5F8502005F20C4192B2114408
:10B9F0001B01CA5AC2F30902CA5222693E2A40D91F
:10BA00005009D706CA5A08BF00F1FF3092B242EA85
:10BA100080226FEA42426FEA524292B2CA52E3690E
:10BA20002278B3B144F2400335F8221003EA010052
:10BA30008B4300D068B935F8223023F4E04323F07B
:10BA400070031B041B0C43F4004343F0C00325F8B0
:10BA50002230227835F8223023F4804323F070031B
:10BA60001B041B0C83F4405305E60BB98B5AAFE75C
:10BA70005808DB078B5A48BF01309BB243EA80234A
:10BA8000AAE70AB9CA5AC4E75008D607CA5A48BF33
:10BA9000013092B242EA8022BFE7012ABFD1B5F855
:10BAA000501005F20C4289B20A44218A1B01D1527E
:10BAB000B5E7012B51D1A3692269934294BF0020BD
:10BAC000981AA06188BF1346E9B9B5F850202078CC
:10BAD00092B205F2044100011144425A3E2BC2F3D6
:10BAE000090242521AD9DA06425A4FEA531608BFDF
:10BAF00006F1FF3692B242EA86226FEA42426FEACC
:10BB0000524292B2425261782278E1B9B5F85000BF
:10BB100005F20C4180B20144120121E70BB9425AEF
:10BB2000EBE7425A5E08DF0748BF013692B242EAAD
:10BB30008622E6E75808DB078B5A48BF01309BB2E4
:10BB400043EA802324E7012983D1B5F8500005F2A8
:10BB50000C4180B2014412011AE7012092E500EB8A
:10BB60004200F0B500F580605D080C4607462E46A1
:10BB7000023436B9DB0744BF30F8253001F8153000
:10BB8000F0BD37F8042B013E92B204F8022C120AE1
:10BB900004F8012CECE738B5044648B1FBF7A2F9EC
:10BBA000482305465C43FBF79DF9431BA342FAD3A8
:10BBB00038BD704740B1C368587810F001001EBF0F
:10BBC0001878B0FA80F040097047EFF31183102322
:10BBD00083F31288BFF36F8FFEE708B5FFF7F5FF19
:10BBE00010B5D0E9003433B90020E268537843F04F
:10BBF0000103537010BD204698470028F4D0002858
:10BC0000B8BF4042FF28A8BFFF20E3681870ECE7E8
:10BC100000F093BA00F083BA7047102408B5EFF330
:10BC2000118384F31288BFF36F8FFEF7FDFBF6E7F5
:10BC300090F90E308B4201D0FCF79EBD002070477A
:10BC40003AB18A4205D3C0E90212C0E900000020DF
:10BC500070476FF015007047012302688B4022EA9D
:10BC60000303036022FA01F000F00100704720B1E5
:10BC700000227830114600F037B9704773B504469A
:10BC8000EFF31185102383F31288BFF36F8F002326
:10BC9000A0F11006032104380193FFF7DDFF28B15E
:10BCA000A369304601A90193FCF706FB85F31188CF
:10BCB000BFF36F8F02B070BD38B504460D46102239
:10BCC000002100F03AFA656038BD13B501900846CE
:10BCD000EFF31184102383F31288BFF36F8F01A950
:10BCE000FCF7EAFA84F31188BFF36F8F02B010BD3E
:10BCF00010B5FFF7EAFF041E08DDEFF311801023F3
:10BD000083F31288BFF36F8FFCF7AAFD204610BDA6
:10BD100038B530220D460021044600F00EFA4FF4EB
:10BD200080736560E36038BDEFF30580003818BFAD
:10BD3000012070476FF057007047FCF773BDD0E9E2
:10BD4000003213605A600023C0E90033704708B521
:10BD5000FFF7F5FF437B23F0020343730023836067
:10BD600008BD38B504460D46FCF7E8FB637B43F09D
:10BD700002036373E5B1A5602B689D4209D16B682E
:10BD8000C4E900531C606C6012E06A689A42F6D005
:10BD90001B68002BF3D094F90E2093F90E108A4201
:10BDA000F3D09142F1DD5A68C4E9003214605C605E
:10BDB00038BD10B5EFF31184102383F31288BFF35D
:10BDC0006F8FFCF7D3FB84F31188BFF36F8F10BD27
:10BDD00010B50446183000F0A9F8EFF311811023D4
:10BDE00083F31288BFF36F8F627B1A4004D081F314
:10BDF0001188BFF36F8F10BD2046BDE81040FCF7DF
:10BE0000E9BB38B50446EFF31185102383F312889C
:10BE1000BFF36F8F437B13F0280F0BD183680BB1F7
:10BE2000FFF795FF637B51B903F0FB032046637373
:10BE3000FCF79CFB85F31188BFF36F8F38BD03F0CF
:10BE4000EB03F3E701211838FFF7DBBF38B5EFF359
:10BE50001185102383F31288BFF36F8F0468A0420B
:10BE60000DD034B12046FFF772FF04F1180000F046
:10BE70005DF885F31188BFF36F8F204638BD00242D
:10BE8000F7E7C117633008B54FF064024FF00003C5
:10BE900041F10001F4F77CF9C117FCF76FFD642351
:10BEA000584308BDEFF31181102282F31288BFF3CB
:10BEB0006F8F027BD2070CD581F31188BFF36F8F90
:10BEC000002383F31188BFF36F8F0423184602DF2A
:10BED0007047437B1B0704D581F31188BFF36F8F35
:10BEE00070470122FCF776BB38B5EFF311851023BC
:10BEF00083F31288BFF36F8F0468A04212D09CB105
:10BF0000E16662612046FFF722FF04F1180000F0AD
:10BF10000DF82046FCF72AFB012085F31188BFF3BA
:10BF20006F8F38BD0020F8E72046F6E710B5EFF335
:10BF30001184102282F31288BFF36F8F03683BB124
:10BF4000FCF740FE002084F31188BFF36F8F10BD13
:10BF50006FF01500F7E708B5FCF752FF08BDFCF7D6
:10BF60004FBF704710B56AB10139841810F8012B22
:10BF700011F8013F9A4203D1A04201D0002AF5D125
:10BF8000D01A10BD1046FCE7024610B501448A42A3
:10BF9000134603D01C780132002CF8D1181A10BDBA
:10BFA000F0B5044608B9146844B10F46204614F8A9
:10BFB000015B17F8016B1EB965B91560002005E03B
:10BFC000B542F6D1002BF0D114600370F0BD1C46D1
:10BFD0000CE015B90E4614F8013B16F8015BAB42B4
:10BFE000F7D1002BF3D0002304F8013C1460EDE7F7
:10BFF000F0B504461046C3F13707FFB203F01F0344
:10C00000082BE6B233D0102B3ED06508A40844EAD2
:10C01000817445EAC1752D194FEA910242EB510234
:10C02000290941EA02716D1842EB1212290A41EA0C
:10C0300002616D1842EB1222290C41EA02416D188F
:10C0400042EB1242AD1842F10002EC0844EA42749D
:10C05000D10804EB8402A6EB4205EDB2092D0CD900
:10C060000134A5F10A0541F10001EDB212E0E40846
:10C0700044EA417406F00705C908303554EA010264
:10C0800000F8015BBCD1F0BD240944EA017406F05C
:10C090000F050909092D84BFED19EDB2EDE710B5C3
:10C0A0000C4600F05FF80028A2BF2368013323602C
:10C0B00010BDBDF8001068B111F0100F01D0027072
:10C0C000704711F0080F02D0C0E9002370474B07FA
:10C0D00001D5026070478B06FBD50280704710B512
:10C0E000144600F071F80028A2BF236803F1FF3363
:10C0F000236010BD70B505460E4631462846FFF751
:10C10000CEFF041E09DB202CF7D0A4F10903042B79
:10C11000F3D932462946FFF7E2FF204670BD0A44B4
:10C12000914200F1FF3300D1704710B511F8014B77
:10C13000914203F8014FF9D110BD034602449342E6
:10C1400000D1704703F8011BF9E70346C9B218464E
:10C1500013F8012B12B18A42F9D17047002918BF98
:10C160000020704710B583780446DB0717D54FF0E1
:10C170000002D4E85F3FC4E8512F0029F9D19BB2F7
:10C1800013B1581EC0B20CE0A36898470028F9DA32
:10C19000013014BF08220422A3781343A3704FF088
:10C1A000FF3010BD02690346107810B101321A61E8
:10C1B00070476FF001007047D1E9043293421EBF0F
:10C1C0005A1C0A61187070478B78DA0702D44FF056
:10C1D000FF307047431CFAD0BFF35B8FC0B2431CE3
:10C1E000D1E85F2F002A04D1C1E85C3FBCF1000F09
:10C1F000F6D1BFF35B8FEAD18B7823F008038B7005
:10C20000704700000148006870470000D40F00200C
:08C21000B43FFF7F01000000B4
:10C218009544000800000000ED620008A8C200086C
:10C22800814400080000000000000000BCC20008B3
:10C238000167000834C300080167000820C300082C
:10C24800016700080CC300084DA40008D0C200080C
:10C2580001670008F8C2000801670008E4C2000886
:10C26800216C00085CC30008C554000848C30008D6
:10C278005166000870C30008216D00080000000026
:10C288006D5C000800000000B956000800000000BE
:10C29800318E000800000000F5630008000000006F
:10C2A800C8D100080000000074C60008580100202A
:10C2B8000000000023D2000808C800080CC80008C5
:10C2C8006601002000000000AAD10008000000005C
:10C2D8000000000056010020E80F0020DDD1000812
:10C2E80040C70008A4C700085C010020D41700203C
:10C2F800EBD1000854C70008A4C700085E0100205D
:10C30800E4170020F9D1000868C70008A4C700088E
:10C3180060010020F417002007D200087CC700083D
:10C32800A4C70008620100200418002015D20008E4
:10C3380090C70008A4C70008640100201418002052
:10C3480085D1000844020020F8C5000854010020E7
:10C358000000002034D200081CC800086CC800087F
:10C368006801002020010020D5D1000890C60008EF
:0CC37800C0C600085A010020C0170020B9
:10C384000000000013A400080000000013A400082B
:10C394000000000013A400080000000013A400081B
:10C3A4000000000013A400080000000013A400080B
:10C3B400A8D10008915C0008A6D10008915C00088F
:10C3C400A4D10008915C0008A2D10008915C000887
:10C3D400A0D10008915C00080000000013A400082C
:10C3E4000000000013A400080000000013A40008CB
:10C3F4000000000013A400080000000013A40008BB
:10C404000000000013A400080000000013A40008AA
:10C414000000000013A400080000000013A400089A
:10C4240000000000FD5D00080000000013A40008E7
:10C434000000000013A400089ED10008915C0008CD
:10C444000000000013A400080000000013A400086A
:10C454000000000013A400080000000013A400085A
:10C4640070C30008F1A700080000000013A400082E
:10C474000000000013A400080000000013A400083A
:10C484000000000013A400080000000013A400082A
:10C494000000000013A400080000000013A400081A
:10C4A4000000000013A400085CC30008ADAD000840
:10C4B4000000000013A400080000000013A40008FA
:10C4C4009CD10008915C00080000000013A400083F
:08C4D4000000000013A40008A1
:04C4DC00FFFFFFFF60
:10C4E000680200208018002000040000591800088D
:10C4F000000000000000000000000000FFFFFFFF40
:10C500000000000049CD0008FFFFFFFFFFFFFFFF15
:10C5100030D1000835D1000839D100083FD10008DA
:10C5200048D1000853D1000859D100085FD1000854
:10C5300063D10008BFD00008C9D00008D5D00008DA
:10C54000E0D00008EED00008FED0000809D10008B5
:10C5500014D1000825D100086BD2000800010000AA
:10C56000494E56414C4944000000000000000000C4
:10C5700000C20100000008000CC300080D0001000B
:10C5800034C300080300100034C300080400100086
:10C5900020C300080000100020C3000801001000A4
:10C5A00020C300080A00100020C300080B00100080
:10C5B00034C300080000000034C30008010000007C
:10C5C00034C300080200010034C300080800000062
:10C5D00020C300080F00000020C300080E00010067
:10C5E00034C300080600000034C300080700000040
:10C5F00020C300080D000100EDA3000851550008FC
:10C600000000000067A200087FA20008D5530008C0
:10C6100099A3000861530008E1A10008EBA10008FC
:10C6200041530008F9A100080000000003A200081F
:10C6300000000000000000000BA2000829A2000872
:10C640002DA20008DBA2000835A2000854C600088D
:10C65000010000005CC60008020000002D00000080
:10C660000000000031000000000000001C0000007D
:10C6700000008000ABA50008E3A500080000000052
:10C68000AD62000807A600080000000035A60008FB
:10C69000FFFF00000000000001040000A0170020C0
:10C6A00000000040470000001C00000001000000E6
:10C6B000DBA700081C000000BCC20008000200004C
:10C6C0001FA700082FA7000847A7000800000000C8
:10C6D000D56400084564000853A70008B7A80008FF
:10C6E0003FA70008C7A70008CDA70008D5A70008E6
:10C6F000AFA60008B7A60008BFA60008C7A6000896
:10C70000D9A60008EDA6000801A7000815A7000893
:10C71000CFA60008E3A60008F7A600080BA70008AC
:10C720009FA60008A3A60008A7A60008ABA60008BD
:10C730008FA6000893A6000897A600089BA60008ED
:10C74000FFFF000000180140040000001800000076
:10C7500040000000FFFF0000001401400300000043
:10C760001800000020000000FFFF00000010014042
:10C77000020000001800000010000000FFFF000091
:10C78000000C01400100000018000000080000003B
:10C79000FFFF00000008014000000000180000003A
:10C7A00004000000F1AA000803A900080FA900086E
:10C7B00021A900082BA9000835A900083167000845
:10C7C00043A900080000000034C3000820C300088B
:10C7D0000CC30008F8C20008E4C200080000000012
:10C7E0000000000000000000000000000000000049
:10C7F0000000000000000000000000000000000039
:10C80000000000000000000000100240B3AB000870
:10C81000D3AB0008EFAB00080DAC000800380140B6
:10C82000BCC200088E01000044C8000801000000DE
:10C830000000000000000000000000004CC80008DC
:10C84000B9AD0008180000000040000054C80008FE
:10C85000010000005CC80008020000002410010074
:10C8600000000000291001000000000005AE0008D3
:10C87000CFAD00087BAC0008E56A0008BBAE00083D
:10C8800069AE000827AE0008D9AC0008F7AC000874
:10C8900015AD000835AD000853AD000829AD0008FE
:10C8A00071AD00083D690008956900087DAD00087C
:10C8B000A1AD0008A5AD00080000000000000000C8
:10C8C00018C2000818C2000880C2000888C2000808
:10C8D000A8C20008A8C200080010000000306D6F58
:10C8E000746F725F6770696F5F6572726F720075E7
:10C8F00073625F6C6F73740074696D65725F6572EB
:10C90000726F72006D6F746F725F6661756C740028
:10C910002531357300494E56414C4944007B227401
:10C92000797065223A2261636B222C2270726F74D7
:10C930006F636F6C223A352C2273657373696F6E67
:10C94000223A256C752C226A6F62223A256C752C6E
:10C95000226F70223A222573222C226F6B223A25F5
:10C96000642C22726561736F6E223A222573227DD8
:10C970000A004B45455000696E76616C69645F63DF
:10C980006F6D6D616E64007B2274797065223A224E
:10C99000737461747573222C2270726F746F636F7D
:10C9A0006C223A352C226677223A22534341524177
:10C9B0005F43415254455349414E5F4E435F5635A4
:10C9C000222C226275696C64223A225343415241FF
:10C9D0005F434152545F4E435F484F4D455F56356C
:10C9E0005F5239222C2273657373696F6E223A2568
:10C9F0006C752C226A6F62223A256C752C22757038
:10CA00005F6D73223A256C752C2262757379223A18
:10CA100025642C227265666572656E636564223AD0
:10CA200025642C2265706F6368223A256C752C2270
:10CA30007374616765223A25752C22706F73223AF0
:10CA40005B256C642C256C642C256C645D2C226742
:10CA50006F616C223A5B256C642C256C642C256C10
:10CA6000645D2C22746F74616C223A5B256C6C756A
:10CA70002C256C6C752C256C6C755D2C2272616E8E
:10CA80006765223A5B256C752C256C752C256C75B9
:10CA90005D2C22666163746F72223A5B256C752C83
:10CAA000256C752C256C755D2C226E31223A5B2528
:10CAB0006C752C256C752C256C755D2C226E3222C4
:10CAC0003A5B256C752C256C752C256C755D2C22BC
:10CAD0007068617365223A5B25752C25752C257568
:10CAE0005D2C2263616C5F6572726F72223A5B2506
:10CAF000752C25752C25755D2C226661696C656425
:10CB00005F7068617365223A5B25752C25752C254D
:10CB1000755D2C227377697463686573223A257595
:10CB20002C227265616479223A25752C22686F6C1B
:10CB300064696E67223A25752C22706F6C223A2543
:10CB4000752C22636F6E666C69637473223A257567
:10CB50002C227469636B223A256C752C22746963EC
:10CB60006B73223A256C752C22726177223A2575F7
:10CB70002C226572726F7273223A25752C22696EAF
:10CB80007075745F77616974223A25642C2272652E
:10CB9000636F7665726564223A256C752C22696E26
:10CBA0007075745F61786973223A25642C22696E0E
:10CBB0007075745F6B696E64223A25752C22696EFC
:10CBC0007075745F62697473223A25752C22696EE0
:10CBD0007075745F6174223A256C752C22627269DB
:10CBE0006566223A5B256C752C256C752C256C7559
:10CBF0005D2C2269646C655F69676E6F7265642283
:10CC00003A256C752C22676174655F7761697422BF
:10CC10003A25642C22676174655F61786973223AF2
:10CC200025752C2266616C73655F68697473223A9E
:10CC30005B256C752C256C752C256C755D2C226D17
:10CC40006F6465223A25752C2273656C6563746583
:10CC500064223A25752C22707073223A25752C2295
:10CC6000646972656374696F6E223A5B25642C2572
:10CC7000642C25645D2C226469725F6C6576656C3A
:10CC800073223A25752C22636F75706C696E675F2D
:10CC900070706D223A256C642C22626574615F713C
:10CCA000223A256C642C2270726F62655F64612287
:10CCB0003A256C642C2270726F62655F6462223A5E
:10CCC000256C642C22636F75706C696E675F72658A
:10CCD000616479223A25642C2270617468223A5B7F
:10CCE00025752C25752C25752C25755D2C227374C6
:10CCF0006172766564223A256C752C226D6F746FB3
:10CD0000725F6572726F72223A25642C22666175B9
:10CD10006C74223A25642C2274696D65725F6C61B3
:10CD20007465223A256C752C2274696D65725F6595
:10CD300072726E6F223A25642C22726561736F6E77
:10CD4000223A222573227D0A0073656E736F725F2B
:10CD5000746964007377697463685F696F007265F2
:10CD60006C6561736564007377697463685F73747D
:10CD7000616C65007377697463685F6E6F745F726E
:10CD80006561647900626F74685F6F70656E0062E0
:10CD90006F74685F6C61746368656400756E72655A
:10CDA000666572656E636564006A325F677561729D
:10CDB00064007377697463685F7472616E73697419
:10CDC000696F6E5F756E737461626C65007761691F
:10CDD00074696E675F7377697463680063616C5F21
:10CDE000737461727400696E697469616C697A69DF
:10CDF0006E6700636865636B696E675F696E707507
:10CE00007473006865617274626561745F6C6F73DE
:10CE1000740074696D655F62756467657400706F36
:10CE2000736974696F6E5F627564676574006A32F6
:10CE30005F6C696D6974007A5F6C696D6974006A12
:10CE4000315F6C696D697400736F66745F6C696DD6
:10CE5000697400636F6D706C6574650070617468EF
:10CE60005F7374617276656400706174685F696E87
:10CE700076616C6964007377697463685F756E735B
:10CE80007461626C650063616C6962726174696F80
:10CE90006E5F6661696C6564007363616C655F6297
:10CEA0006F756E647300636F75706C696E675F6732
:10CEB000656F6D6574727900636F75706C696E670C
:10CEC0005F626F756E647300636F75706C696E6717
:10CED0005F70726F62655F6C696D697400636F7516
:10CEE000706C696E675F70726F62655F73686F7296
:10CEF0007400636F75706C696E675F7265706561F1
:10CF00007400636F75706C696E675F6D65617375D2
:10CF100072656D656E7400636F75706C696E675FC6
:10CF20007369676E007A5F636C656172616E6365D9
:10CF3000007061726B5F626F756E647300696E6919
:10CF40007469616C697A65640073746167655F65B3
:10CF500072726F72007061726B5F62756467657484
:10CF600000656467655F6C696D69740073746F70E8
:10CF7000706564006D6F76696E670020006F6B00EE
:10CF800053544F500073746F705F005354415455A5
:10CF9000530073657373696F6E0048454C4C4F00C6
:10CFA00073657373696F6E5F6368616E6765640054
:10CFB0006A6F620050415448006275737900706175
:10CFC00074685F6C6F6164696E67005345470070F9
:10CFD0006174685F73657175656E63650074617215
:10CFE00067657400706174685F70726F66696C6504
:10CFF00000474F00706174685F6E6F745F627566A2
:10D00000666572656400706174685F72756E6E69E2
:10D010006E6700484F4C44004A31004A3200686F46
:10D020006C645F72656A656374656400504F4C00A0
:10D030005A00706F6C5F72656A6563746564004363
:10D040004F55504C4500636F75706C696E675F6338
:10D050006F6E6669670047454F4D005350414E0063
:10D060005041524B0054554E4500494E4954006DB5
:10D070006963726F7374657000616E676C65007AC6
:10D080005F7370616E007061726B007061726B5FD4
:10D0900073696E67756C61720074756E696E670096
:10D0A000636F6E66696775726174696F6E004D4F6C
:10D0B0005645006D6F76655F6275646765740073D1
:10D0C000746F705F757365720073746F705F6573F2
:10D0D000636170650073746F705F666F6375730072
:10D0E00073746F705F6D696E696D697A65007374D2
:10D0F0006F705F646973636F6E6E656374007374E1
:10D100006F705F636C6F73650073746F705F7374BF
:10D11000616C650073746F705F61636B5F74696DE0
:10D12000656F75740073746F705F6D6F64656C000C
:10D13000555345520045534300464F435553004D08
:10D14000494E494D495A4500444953434F4E4E4577
:10D15000435400434C4F5345005354414C45004108
:10D16000434B004D4F44454C0002040404050503A5
:10D170000205040330313233343536373839414211
:10D1800043444546006364635F61636D5F7561722C
:10D19000743000757362776F726B71000A06050553
:10D1A00004010301020101010001696E74657272DC
:10D1B0007570742D636F6E74726F6C6C6572403431
:10D1C00030303130343030007263634034303032CC
:10D1D0003130303000636F756E746572006770694E
:10D1E0006F403430303131383030006770696F4013
:10D1F0003430303131343030006770696F40343052
:10D20000303131303030006770696F403430303148
:10D2100030633030006770696F40343030313038FF
:10D2200030300072657365742D636F6E74726F6C4D
:10D230006C65720073657269616C403430303133F3
:10D24000383030000000000000000000010203043C
:10D2500006070809010202030405060708090A0B6C
:10D260000C0D0E0F10106D61696E00737973776F7E
:10D27000726B7100286E756C6C29002A666C6F6188
:10D28000742A006364696E6F70737578585B000070
:10D29000000000000000000000000000000000008E
:10D2A000000000000000000000000000000000007E
:10D2B000000000000000000000000000000000006E
:10D2C000000000000000000000000000000000005E
:10D2D000000000000000000000000000000000004E
:10D2E000000000000000000000000000000000003E
:10D2F000000000000000000000000000000000002E
:10D30000000000000000000000000000000000001D
:10D31000000000000000000000000000D400002019
:10D32000B400002000C2010000000800000000005E
:10D3300000000000000000000000000000000000ED
:10D34000B99F0008803D00200000000000000000A0
:10D3500000000000000000000000000000000000CD
:10D3600000040000804100200000000000000000D8
:10D3700000000000000000000000000000000000AD
:10D38000000400002953000880000000D550000868
:10D3900000000000D5500008800000000157000880
:10D3A0000000000043A4000800000000000000008E
:10D3B000000000003001002000000000000000001C
:10D3C00000C20100000103000024F4003C01002021
:10D3D0003C010020FFFFFFFFFFFFFFFFFFFFFFFFFC
:04D3E000FFFFFFFF4D
:10D3E4000000000000000000000000000000000039
:06D3F40000000000000033
:02D3FA00FFFF33
:10D3FC006C0100206C010020000000000000000007
:04D40C000E0000000E
:10D4100012010002EF020140E32F060007030102A0
:10D42000030109020000000100E032080B000202C3
:10D43000020000090400000102020000052400109F
:10D44000010524010201042402020524060001074B
:10D4500005800310000A09040100020A0000000709
:10D460000580024000000705000240000004030997
:10D47000040E035A45504859520000000000003085
:10D480000353434152412043617274657369616E75
:10D49000204E4320486F6D65000000000000000032
:10D4A000000000000000000000000000000000225A
:10D4B000033031323334353637383941424344450D
:10D4C0004600000000000000000000000000000016
:03D4D00000000059
:01D4D300FF59
:10D4D40000000000A3010020C3A100083556000885
:10D4E400C552000800000000000000000300000016
:04D4F400F400002020
:04D4F80015E015E046
:04000005080059C9CD
:00000001FF
