:020000040800F2
:1000000080390020295A00084D570008155A000869
:10001000155A0008155A0008155A0008000000007B
:10002000000000000000000000000000255B000848
:10003000155A000800000000F15A0008B96D0008C8
:10004000815C0008815C0008815C0008815C00081C
:10005000815C0008815C0008815C0008815C00080C
:10006000815C0008815C0008815C0008815C0008FC
:10007000815C0008815C0008815C0008815C0008EC
:10008000815C0008815C0008815C0008815C0008DC
:10009000815C0008815C0008815C0008815C0008CC
:1000A000815C0008815C0008815C0008815C0008BC
:1000B000815C0008815C0008815C0008815C0008AC
:1000C000815C0008815C0008815C0008815C00089C
:1000D000815C0008815C0008815C0008815C00088C
:0C00E000815C0008815C0008815C000865
:0400EC00FFFFFFFF14
:1000F0007BB972B90029BEBF00204FF0004106E075
:1001000008BF00281CBF6FF000414FF0FF3000F027
:1001100057B8ADF1080C6DE904CE002909DB002BBE
:100120001ADB00F04FF8DDF804E0DDE9022304B04B
:100130007047404261EB4101002B1BDB00F042F8AD
:10014000DDF804E0DDE9022304B0404261EB410147
:10015000524263EB43037047524263EB430300F0A8
:1001600031F8DDF804E0DDE9022304B0404261EB40
:1001700041017047524263EB430300F023F8DDF87E
:1001800004E0DDE9022304B0524263EB430370470D
:1001900053B94AB9002908BF00281CBF4FF0FF31EE
:1001A0004FF0FF3000F00CB8ADF1080C6DE904CE53
:1001B00000F008F8DDF804E0DDE9022304B0704740
:1001C000704700BF2DE9F04786468C460846154625
:1001D00074461946089E002B40F0C2808542B2FA50
:1001E00082F245D94AB1C2F1200300FA02FC2EFA8C
:1001F00003F3954043EA0C0C94404FEA154EBCFBC8
:10020000FEF8A8B20EFB18CC08FB00F9230C43EA59
:100210000C43994528D9EB1808F1FF3704D29945CA
:1002200002D9A8F102072B44A3EB0903B3FBFEFCA0
:100230000EFB1C330CFB00F0A4B244EA0344A042C2
:1002400014D92C190CF1FF3304D2A04202D9ACF11D
:1002500002032C44241A43EA07401EB10023D44071
:1002600034607360BDE8F0874746DDE76346F1E739
:1002700092BB0121431B4FEA154EB3FBFEFCAFB20C
:100280000EFB1C330CFB07F8200C40EA0343984597
:1002900062D9EB180CF1FF3004D2984502D9ACF1C9
:1002A00002002B44A3EB0803B3FBFEFC0EFB1C3344
:1002B0000CFB07F7A4B244EA0344A7424ED92C1919
:1002C0000CF1FF3304D2A74202D9ACF102032C4453
:1002D000E41B43EA0040C0E7C2F12003954020FA46
:1002E00003F12EFA03F34FEA154EB1FBFEFC9040EA
:1002F0000343AFB20EFB1C100CFB07F8190C41EACC
:100300000041884504FA02F422D969180CF1FF3043
:1003100004D2884502D9ACF102002944A1EB0801BE
:10032000B1FBFEFC0EFB1C110CFB07F79BB243EA72
:1003300001439F420ED9EB180CF1FF3104D29F42CA
:1003400002D9ACF102012B44DB1B41EA004192E7E8
:100350006046E3E76146F7E76046A3E76346B7E731
:10036000834206D916B9002108467BE7C6E900E0BA
:10037000F9E7B3FA83F78FB9834201D3724508D8FE
:10038000BEEB020460EB030301209C461EB9002172
:1003900068E73846FAE7C6E9004CF8E7C7F1200CF1
:1003A000BB4022FA0CF41C434FEA144920FA0CF328
:1003B000B3FBF9F8B8402EFA0CF101430EFA07F539
:1003C00009FB18301FFA84FE08FB0EFA0B0C43EAF7
:1003D00000439A4502FA07F240D9E31808F1FF30CA
:1003E00004D29A4502D9A8F102002344A3EB0A03E0
:1003F000B3FBF9F809FB183308FB0EFE89B241EA9A
:1004000003418E452CD9611808F1FF3304D28E4583
:1004100002D9A8F10203214443EA0040A0FB02985C
:10042000A1EB0E014145CE46434602D306D14D45D0
:1004300004D2B9EB020E68EB04030138002EA6D0FB
:10044000B5EB0E0261EB030101FA0CFC22FA07F393
:100450004CEA0303F940C6E9003198E74046C5E796
:100460004346D9E710F8012B11F8013B012A28BFB8
:100470009A42F7D0D01A7047034611F8012B03F8BF
:10048000012B002AF9D17047034613F8012B002AEB
:10049000FBD1181A013870472DE9F04F0D234FF0AA
:1004A0000009EBB011AE07AF0446154608460093AD
:1004B000C0223346CDF8089001973AA909F0A6FB6F
:1004C00008B9AC4967E0AC4BD6F800A0AB49504640
:1004D000C4F83835FFF7C6FFD7F8008086460028F5
:1004E0004AD1B8F1020F34D1A54D0DF1200C0FCD3A
:1004F000ACE80F000FCDACE80F0055F8043B0DF150
:100500007808CCF80030C4460FCDACE80F000FCD12
:10051000ACE80F002B687546D6F80490CCF8003094
:1005200008AE484656F8041BFFF79CFF68B958F818
:100530002550204609F0CCFA80B12946204609F022
:10054000D1FA00206BB0BDE8F08F0135092DE8D15C
:10055000B7E7B8F1010FB4D18A4DEAE73B68022B47
:1005600007D005228849D4F834050BF092FD002805
:10057000E7D0C4F83455E4E7B8F1010F0FD1504685
:100580008249FFF76FFF0028DBD0702249461EA882
:100590000BF042FE7E49204609F02AFBD2E770228A
:1005A00049461EA80BF038FEB8F1010FF2D920AB76
:1005B0004FF0FF3202930023CDE9002301220023F4
:1005C000706803F077FC0028E4D0D6F80080714909
:1005D0004046FFF747FF98B93B68022B10D12046F1
:1005E00009F076FA18B120466B4909F07BFA209B96
:1005F000C4F820340023C4F82434C4F82834A0E715
:10060000D4F82034002BC5D0DDE92012002A08BF21
:100610009942BFD140466149FFF724FF814678BB2C
:100620003B68032B2CD122AB4FF0FF320293002307
:10063000CDE9002301220023B06803F03BFC38B170
:10064000DDE92213D4F824244B4508BF914201D0A0
:100650005349A0E794F8DB34C4F82C54002B3FF442
:1006600070AF94F83035022B7FF46BAF7822D4F85A
:10067000C83402FB0343C3F84C52C4F8E05160E7AE
:1006800040464849FFF7EEFE8146002861D13B68AD
:10069000042B5ED122AB4FF0FF3202930023CDE951
:1006A000002301220023B06803F004FC0028CFD00F
:1006B000DDE92223D4F82814914279EB0303C7DA49
:1006C000204609F005FA08B1374964E794F8DC34AC
:1006D0000BB936495FE72946204601F01BFF074664
:1006E00008B1014657E724AB4FF4FA720293002396
:1006F000CDE9002301220023F06803F0DBFB08B9F9
:100700002B4948E7229BC4F83054C4F82834C4F875
:100710002434249BC4F82C54A4F85838D4F86833F3
:10072000A4F85A78C4F83C38D4F86C33C4F85C7830
:10073000C4F84038D4F87033A4F86078C4F844386A
:100740000123A4F8663884F830351A4BC4F83435E0
:10075000F7E640461849FFF785FE8246002840F03C
:100760006B813B680B2B40F0678194F866383BBB8C
:10077000124910E7DDC900081FCC000822CC000890
:10078000E8C5000810CC000827CC00082DCC0008D4
:1007900034CC00083CCC000842CC0008D8C9000882
:1007A00052CC000856CC00085BCC0008F8C9000801
:1007B000F6CA000860CC00086DCC000871CC0008B7
:1007C00022AB4FF0FF3202930023CDE90023012238
:1007D0000023B06803F06EFB0028C9D0DDE92213C6
:1007E000D4F82424534508BF9142C1D124AB40F230
:1007F000F31202930023CDE9002300220023F068C6
:1008000003F058FB0028B3D0DDE92412B4F85A38BD
:10081000524508BF9942ABD1B4F858289A42A7D99B
:10082000B4F860381F2BA3D81822514608A80BF043
:10083000F3FC55460DF150090DF1200826AF04F5E3
:100840005C7604F55F7B0023AB4A0297CDE9002379
:100850004FF0FF33A94A59F8040FBA4603F02AFBB8
:1008600008B9A74997E656F8043FDAE90020991835
:1008700040EBE370D6F8C834DFF87CC2CA1ADFF860
:1008800084E260EBE37311EB0C0C40F10000E645F1
:100890004FF0000C7CEB000C07F10807E1D3002BB4
:1008A00002DA524263EB43030020DFF85CC2944556
:1008B00070EB030CD5DB95429841B8BF1546B345A4
:1008C00048F8041BBFD1002D3FF41AAF089AD4F8A2
:1008D0003C389A427FF414AF4FF47A72204608A94C
:1008E00001F0D2FE00283FF40BAF2CAB4FF4C862EE
:1008F000029300231898CDE900233222002303F04D
:10090000D9FA08B9814946E62EAB02931998DDE978
:100910002C23CDE900233222002303F0CBFA002858
:10092000F0D030AB02931A98DDE92C23CDE90023F7
:100930003222002303F0BEFA0028E3D032AB029348
:100940000023734A1B98CDE900233222002303F0D1
:10095000B1FA0028D6D0B4F85A3823B9DDE92E21EF
:10096000323A0A43CED1DDE9306CB4F8582801336D
:10097000934204D1A6F1320353EA0C03C2D1DDE95C
:100980002E13DDE9322701FB03FEA1FB013006FB3C
:100990000CFC00EB4E00A6FB066E9B1B0EEB4C0CFA
:1009A00060EB0C00002802DA5B4260EB4000A5FB24
:1009B00002C605FB07661CEB0C0C76419C45864184
:1009C000A0DB2C9809F0E3F8329A064630992C986F
:1009D00009F0DDF80644AE4294D82C9BB4F8607858
:1009E000ADF830302E9BB4F85E58ADF83230309B05
:1009F0003D44ADF83430329B05F01F050B931823AE
:100A000003FB054508AE05F23C550FCE0FC596E831
:100A1000030085E80300B4F85A3801370133A4F81D
:100A20005A3808AB03CBA4F86078C4F83C08C4F883
:100A30004018C4F8442884E540463649FFF712FDC3
:100A4000002841D13B68032B3ED194F866380BB99E
:100A50003149A0E594F86778002FF9D122AB4FF027
:100A6000FF3202930023CDE9002301220023B06866
:100A700003F020FA0028EBD0DDE92213D4F8242477
:100A8000BB4208BF9142E3D1B4F85838B4F86028AB
:100A9000202B28BF20239A42DAD32946204601F092
:100AA00039FD014600287FF476AD2046C4F8305465
:100AB000C4F82C5401F0DCFF00283FF421AE174BA2
:100AC0000120C4F834353DE540461549FFF7CAFC1E
:100AD000002854D13B68042B51D1B56811492846F0
:100AE000FFF7C0FC20B328460F49FFF7BBFC0028E6
:100AF00043D00E494FE500BF00093D0000F7C2FF9B
:100B00007FCC000800127A0040420F0086CC00081B
:100B1000400D030093CC000896CC0008A8CC000838
:100B2000B5CC0008BACC0008BDCC0008C0CC000889
:100B3000012524AB012202930023CDE900230022EA
:100B40000023F06803F0B6F90028D2D0204608F060
:100B5000BFFF0028CDD194F8DD34002BC9D1DDE9E9
:100B600024210A4314BF012200220320C4F8D054D8
:100B700084F8DE2484F8DC34E4E40225D9E7404636
:100B80009549FFF76FFC002836D13B68042B33D121
:100B9000B76892493846FFF765FC054660B13846AC
:100BA0008F49FFF75FFC30B138468E49FFF75AFC9A
:100BB00000B38D49EFE4012524AB01220293002309
:100BC000CDE9002300220023F06803F073F9002828
:100BD000EFD0204608F07CFF0028EAD1DDE924327E
:100BE000134314BF01230023254485F8D43484F82B
:100BF000DC04A6E40225DFE740467C49FFF732FC2F
:100C0000002832D13B68042B2FD1204608F060FF2A
:100C1000054608B17649BEE422AB012202930023C7
:100C2000CDE9002300220023B06803F043F9002837
:100C3000F0D024AB4FF4807202930023CDE900235F
:100C400010220023F06803F035F90028E2D0DDE936
:100C50002232134314BF0123002384F8A834249BB9
:100C600084F8DC54C4F8AC346BE440466149FFF7C7
:100C7000F9FB002800F0988040465F49FFF7F2FB3F
:100C8000002800F0918040465C49FFF7EBFB00280C
:100C900000F08A8040465A49FFF7E4FB002800F044
:100CA000838040465749FFF7DDFB8146002800F06E
:100CB000148340465449FFF7D5FB804600287FF453
:100CC00000AC3B68072B7FF4FCAB22AB4FF0FF324C
:100CD00002930023CDE9002301220023B06803F032
:100CE000E9F800283FF4B4ACDDE92223D4F8281455
:100CF000914278EB0303BFF6ABAC204608F0E8FE68
:100D000000287FF4E1AC94F8DC34002B3FF4E1AC34
:100D10002946204601F0FEFB014600287FF43BAC4B
:100D200006460DF14C0A24AF04F55C7B0023374ADC
:100D30000297CDE900234FF0FF33354A5AF8040FEC
:100D4000B84603F0B7F800283FF48BADD8E900327D
:100D50004FF000095BF8040F2C49C31842EBE07216
:100D600058182C4942F10002814279EB020207F146
:100D70000807FFF476AD0DF1200848F8263001365B
:100D8000032ED3D12AAB4FF4C862029300231798E5
:100D9000CDE900233222002303F08CF8002840F034
:100DA0002A831D49FFF7F7BB204608F091FE002873
:100DB0007FF48AACD6F800900E494846FFF752FB04
:100DC000D7F800800546002840F0A580B8F1090F4B
:100DD00026D01249FFF7DFBBCECC0008D2CC0008EA
:100DE000BACC0008BDCC0008D4CC0008E1CC000887
:100DF000E8CC0008F8CC0008FDCC000802CD0008C3
:100E000007CD00080CCD000850CD000800093D00BA
:100E100000F7C2FF00127A00D5CA000853CB0008C1
:100E200022AB02930023B64ACDE900234FF0FF33F3
:100E3000B44AB06803F03EF80028CAD024AB02934D
:100E4000ADA3D3E90023CDE900234FF48062002352
:100E5000F06803F02FF80028BBD04FF00009DFF84E
:100E6000A88226ABCDE9008902934FF4806200236B
:100E7000306903F01FF80028ABD0CDE9008928AB1A
:100E800002934FF480620023706903F013F8002886
:100E90009FD04FF020084FF0000916AF2AAECDE9E1
:100EA000008902960122002357F8040F03F002F88C
:100EB00058B1D6E90020531E40F1FF31134001EA3A
:100EC0000002134306F1080602D09049FFF763BB06
:100ED0000135032DE3D1229BC4F8F033249BC4F8E1
:100EE000C0332A9BC4F8CC33269BC4F8C4332C9B54
:100EF000C4F8D033289BC4F8C8332E9BC4F8D4332D
:100F0000D4F8CC3443F00103C4F8CC34002384F883
:100F1000DC34FFF716BB48467D49FFF7A3FA0028EB
:100F200062D1B8F1070F02D07A49FFF734BB02252E
:100F30004FF000094FF0FF3BDFF8DC81DFF8DCA168
:100F4000CDE900891EAB03EBC503029352465B4615
:100F500056F8250002F0AEFF10B97149FFF71BBB30
:100F60000135062DECD12AAB02930023644ACDE96A
:100F7000002300220023B06902F09CFF88B3DDE962
:100F80002271DDE924030025C21B63EB01036549DF
:100F9000654E521863F10003964275EB0303C3D309
:100FA000C4F8D873DDE926730593DDF814C0C4F8DE
:100FB000E003DDE92803C21B63EB0C03521863F165
:100FC0000003964275EB0303AED32A9BC4F8DC738F
:100FD000C4F8F433D4F8CC34C4F8E40343F0020387
:100FE00092E75249FFF7D7BA48465149FFF73AFA14
:100FF000002876D1B8F1050F5AD14FF00009DFF87B
:10100000188122ABCDE900890293444A4FF0FF33A7
:10101000B06802F04FFF00284AD0CDE9008924AB28
:1010200002933E4A4FF0FF33F06802F043FF00287E
:101030003ED026AB029300233E4ACDE90023642232
:101040000023306902F036FF90B3DDE92202D4F8C4
:10105000D83303F5FA63D9178342914128DAD4F8DB
:10106000E033A3F5FA63D91798428A4120DADDE923
:101070002432D4F8DC1301F5FA61CD179942954179
:1010800016DAD4F8E413A1F5FA61CD178B4272EBAE
:1010900005050DDA42F20F7144F61F66591842F148
:1010A0000005B14275F1000505D22349FFF773BA77
:1010B0002249FFF770BA002A194602DA594262EB58
:1010C00042021F4D8D424FF000019141EDDBC4E91A
:1010D000FA03269BC4F8F833D4F8CC3443F0040365
:1010E00012E7A8F10803012B2ED9B8F10B0F2BD072
:1010F0001449FFF750BA00BF00E1F50500000000F9
:1011000080841E00807BE1FF40420F0011CD00086B
:10111000FDCC000823CD000820BF0200E040FDFF09
:101120001BCD0008F0D8FFFF3057050021CD000887
:1011300002CD0008A08601002DCD000828CD0008B2
:10114000109802003BCD000822AB4FF44872029386
:101150000023CDE9002364220023B06802F0AAFE38
:101160000028C5D024AB4FF4C85202930023CDE928
:10117000002364220023F06802F09CFE0028B7D010
:101180004FF00009DFF8CC8226ABCDE9008902934D
:101190004FF480720023306902F08CFE0028A7D043
:1011A000CDE9008928AB02934FF480720023706967
:1011B00002F080FE00289BD04FF400584FF0000949
:1011C000CDE900892AAB029320220023B06902F006
:1011D00071FE00288CD0CDE900892CAB029320222F
:1011E0000023F06902F066FE002881D0DDE92A03C1
:1011F000DDE9261288429341BFF67AAFDDE92C0380
:10120000DDE9281288429341BFF672AF3B68082B94
:1012100047D83B680B2B1CD130AB4FF4C86202930C
:1012200000231A98CDE900236422002302F042FE35
:1012300000283FF45DAF32AB02931B98DDE9302309
:10124000CDE900233222002302F034FE00283FF4CF
:101250004FAF269A229BC4F81024289A2499C4F8E8
:1012600014242A9AC4F8FC33C4F818242C9AC4F81D
:101270000814C4F81C24D4F8CC2442F00802C4F8A2
:10128000CC24079A082A1AD92E990B2AC4F80C14D0
:101290001ED0C82BC4F8003428BFC823C4F80434B7
:1012A00034E62EAB0293DDE92423CDE9002332227C
:1012B0000023306A02F0FEFD0028AAD118E7D4F816
:1012C0000C248A4294BFC4F80C24C4F80C14E0E740
:1012D000309BC4F80034329BE0E73B68032B7FF47B
:1012E000E8AC22AB4FF0FF3202930023CDE900239C
:1012F00001220023B06802F0DDFD00283FF4A8A918
:10130000DDE92223D4F82814914279EB0303BFF6D8
:101310009FA9204608F0DCFB00287FF4D5A92946C8
:10132000204601F0F7F8014600287FF434A9D4F8EC
:10133000CC340F2B03D1D4F84034013302D14649C9
:10134000FFF729B9229B0122C4F82834C4F82434B9
:101350004FF0FF33C4F80835002384F8DB2422461D
:10136000C4F83054C4F82C54C4F81035C4F8F03420
:10137000C4F8EC3484F8DC3484F8A934A4F8AA3432
:10138000C4F8C434C4F8C034C4F8B433C4F8B833AF
:10139000C4F8BC33C4F8A833C4F8AC33C4F8B033D1
:1013A00004F5B47182F8013282F8003282F8023218
:1013B00082F82032C2E9893378328A42F2D120465B
:1013C00001F028F9D4F88424D4F88034002A02DA11
:1013D0005B4262EB420221498B4272F1000202DB66
:1013E0001F49FFF7D8B82B4601220021204601F003
:1013F000B3FBFFF7A7B84FF47A724146204601F0DD
:1014000043F900283FF4CDAC229B4146C4F8283470
:10141000C4F824344FF0FF332046C4F808352A9A24
:101420004B46C4F83054C4F82C54C4F8109501F05D
:101430007FFA022802D10B49FFF7ADB894F8DA140D
:10144000094B0A4A002918BF1346C4F83435FFF780
:1014500079B800BF40420F0042CD000801000004EF
:101460005CCB000855CD0008E0CA000818CC000885
:1014700008B505F067FD05F065FD084B1B68C01A4F
:10148000B0F5616F08D24823B0FBF3F0BDE8084027
:10149000C0F132000AF016BC08BD00BFF40D0020F8
:1014A00038B5074B1B7823B1064D441E14F8011FB5
:1014B00001B938BDAB6803485B689847F6E700BFE1
:1014C0006418002024C400081FB500230C460293B2
:1014D000174B184A19680023A0FB0101FEF758FEBC
:1014E000154B002C019314BF0023032301380090F7
:1014F000039312480099836842681268914214D895
:1015000069469B69984710F13E0F09D154B90C4ABE
:101510001368591C1CBF01331360002004B010BDB8
:101520000028FAD0074B1860F8E76FF01500F9E7CC
:10153000FC0D002040420F009D1800084CC400081C
:10154000EC0D0020E00D00202DE9F0430025A84619
:10155000144E154F85B03068CDF80C80836803A910
:101560005B6898470446D8B9039C96F80490337B8F
:1015700024FA09F9DC4009F0010904F0010408F03B
:10158000FAF92946009023464A463846013500F0CC
:1015900029FE032D06F11006DDD105B0BDE8F0836C
:1015A0008146ECE748C60008D80200202DE9F04744
:1015B0001D481E4F83685B68984700221C4B1A70B9
:1015C0003B680BB1FFF754FF00251A4CDFF8688029
:1015D000DFF86890DFF868A00021204608F0B7F92E
:1015E000064602200AF06EFB56B1D8F80030B3B1BF
:1015F00001235146114889F8DD3408F073FA05E0FB
:101600002179206808F092F90028EED10135032DE8
:1016100004F11804E0D100233B60BDE8F087042307
:10162000C8F80030E4E700BF4CC40008E80D002013
:101630006518002078C60008E40D0020D8020020BC
:10164000A6C9000808B50146034808F04BFABDE8F2
:101650000840FFF7ABBF00BFD802002010B5EFF382
:101660001184102383F31288BFF36F8F032807D1EF
:1016700001220C4B1A7084F31188BFF36F8F10BDD9
:101680000628F5D010F0FA00F5D1074A054B18707E
:10169000136801331360054BC3F820040448FFF7B7
:1016A000D1FFE8E764180020F80D0020D8020020E0
:1016B000B7C900080122034B034883F8DD24FFF774
:1016C000C1BF00BFD8020020C0C9000838B50D4610
:1016D00001790068144608F029F9A8420CD0074B9C
:1016E0001A6802B91C600122054B064883F8DD2404
:1016F000FFF7A8FF002038BD0120FCE7E40D002023
:10170000D8020020A6C9000870B505460E4614464A
:1017100008F01DF960B10B4B1A6802B91C60012278
:10172000094B0A4883F8DD24FFF78CFF002070BDC9
:1017300002200AF0C7FA224631462846BDE870402A
:10174000FFF7C4BFE40D0020D8020020A6C900089E
:101750002DE9F041284B1B68002B32D1274E3378FE
:101760007BBB274B1D6865BB264C274F04220021FD
:101770002046FFF7ABFF20B30222002104F1100046
:10178000FFF7A4FFE8B157F8043F05F10108002B6B
:1017900004D14546032D1BD01834E7E7CCBF012107
:1017A00000211A4B01225B5D4546CB1A5942594133
:1017B00004F10800FFF7A8FF032D07D01834002814
:1017C000D4D11348BDE8F041FFF73CBF0028F8D062
:1017D00001214CF25030FFF777FE18B1BDE8F0411F
:1017E000FFF768BF0B4883681B6898470028F5D14E
:1017F00001233370BDE8F081E40D0020651800205E
:10180000E80D002078C600083C070020AC07002047
:10181000A6C900084CC40008F8B51D4E1D4DEFF3D5
:101820001184102383F31288BFF36F8FFFF78CFEB0
:101830000022194B10461F469978E9B91979D9B990
:10184000597901320143032A01F0010003F18003B9
:10185000F2D1304608F07BF82B7823B197F8DA34D0
:1018600063B9FFF7A3FE84F31188BFF36F8F0021E4
:10187000142007F0F7F8D2E70121E2E708F07BF83F
:101880000146054800F0B2FF0028EAD0EBE700BFB0
:1018900040C6000865180020D80200202DE9F84F46
:1018A000EFF31186102383F31288BFF36F8F7F4B02
:1018B0001D6845B17E48FFF7C5FE86F31188BFF36A
:1018C0006F8FBDE8F88F7B4FFFF73EFE3C68002C22
:1018D0006ED0FFF7CDFDDFF8E081D7F8009029FA50
:1018E00005F3DB071AD40135032D08F11808F6D1EA
:1018F0000025724C3D6094F866388BB394F86738D5
:1019000073B3D4F83424D4F838349A4228D120461A
:1019100001F0AEF850B9FFF749FECEE704220021EE
:101920004046FFF7F1FE0028DDD1C6E708F023F8B6
:101930000146204600F05AFF0028ECD0604F04F228
:10194000644858F8043F002B20D10135032D07F1DE
:101950001807F6D15B4B1A68632A9CBF64221A6091
:1019600094F8DA34002BD6D008F005F80146534835
:1019700000F03CFF0028CED00021524B1868FFF742
:10198000A3FD002899D0FFF795FE96E7CCBF012173
:1019900000214D4B01225B5D3846A1EB030CDCF1CD
:1019A000000141EB0C01FFF7AFFE0028CDD184E729
:1019B00007F0E1FF0146414800F018FFDFF8FC8026
:1019C0000028A8D03C4DA246A94608F2644B02224A
:1019D000002109F11000FFF779FE00283FF46DAFF8
:1019E000042200214846FFF771FE00283FF465AF4E
:1019F0005BF8043F002B47D10AF1010ABAF1030F4B
:101A000009F11809E3D107F0B6FF01462B4801F0B0
:101A100067FF2C4B4FEA5009A0EB50001860274895
:101A200001F062FE98F8DA348246002B3FF473AF7F
:101A30002AFA04F3DB071CD54FF0010B3A680BFAC6
:101A400004F313433B6005F07DFADFF88080032246
:101A5000C8F8000059462846FFF756FE00283FF414
:101A60002CAF05F06FFA2146C8F80000134808F0C3
:101A70009DF80134032C05F11805D9D10F4801F068
:101A800009FF002148467AE7CCBF012100210E4B17
:101A9000012213F80A30C81A4142414109F10800F5
:101AA000FFF714FE0028A7D107E700BFE40D0020D0
:101AB000A6C90008E80D002078C60008D80200205A
:101AC00080C60008F00D0020AC070020F40D0020B7
:101AD0002DE9F04F8548ADF63C0D00F0ADFA844895
:101AE0000AF0FFF8002800F02D8282480AF0F9F889
:101AF000002800F0278280480AF0F3F8002800F060
:101B00002182DFF8F88100274446DFF8F491DFF8FE
:101B1000F4A120680AF0E5F8002800F01382A0681C
:101B200004F108060AF0DDF8002800F00B822069B5
:101B300004F110050AF0D5F8002800F003824FF4F4
:101B4000B011204607F0D3FE002840F0FB814FF48F
:101B5000B011304607F0CBFE002840F0F381284654
:101B60004FF4D01107F0C3FE0546002840F0EA818B
:101B70004E4630680AF0B5F8002800F0E38151467F
:101B8000304607F0B4FE002840F0DC810836002D16
:101B900071D00237062F04F1180409F11009B8D1E9
:101BA0004FF4B011584807F0A2FE002840F0CA8157
:101BB0005048D0E90123DB6A002B5ED09847534B95
:101BC0001860534B984204D00522524B1A60FFF71D
:101BD00071FD51480AF048F9504803F043F80446B3
:101BE000002840F0AF810146C8220AA80AF014FB81
:101BF0002346DFF804914A4FEFF31181102282F35C
:101C00001288BFF36F8F474A12680492464A1278CF
:101C100081F31188BFF36F8F04998B422FD172B378
:101C20004FF4807AD9F808300593059B1B68002B88
:101C300000F0D48048460DF127019847002840F075
:101C4000CD809DF827100AA808F026F8012840F05A
:101C50004D81EFF3118B102383F31288BFF36F8F45
:101C6000314B1B78D3B93148FFF7ECFC8BF311886B
:101C7000BFF36F8FAEE001257BE750689FE70AA8AE
:101C800008F004F8D9F808502B68002BC8D0484653
:101C90000DF1270198470028F6D0C1E7FFF754FC63
:101CA0003B78124E23B196F8DA340BB9FFF77EFC7D
:101CB00007F061FE0AA902460C48FEF7EDFB032877
:101CC000054640F0FB80134AD6F8D03411683A78C4
:101CD00082B30021054801F0A5FEFFF767FC144B15
:101CE000024A0225C2F8383552E000BFD80200206F
:101CF000E8C300084CC4000824C4000878C60008E3
:101D000048C600081000010040C60008FC0D002075
:101D100040420F00E40D0020680200205D1600081C
:101D200065180020F80D002064180020B7C90008CD
:101D3000CCC90008864A12681143CAD118225343FD
:101D4000042208EB03000693FFF7C0FC069B002863
:101D5000BFD010334344184696F8DE14079307F0BB
:101D6000F6FD0690022009F0ADFFDDE90623002A0A
:101D7000AFD196F8DE14022281F001011846FFF778
:101D8000A5FC06460146734801F04CFE002EA4D087
:101D90003CAE31460AA802F0CFF8023D18BF01253B
:101DA0006C4AC021D2F83835CDE900650293D2F8EB
:101DB00024348EA8D2F8202402F06AF88BF311881C
:101DC000BFF36F8F64493046FEF74CFB10B18EA80D
:101DD000FFF766FBBAF1010A7FF427AFEFF3118634
:101DE000102383F31288BFF36F8FFFF7ADFB3B78AF
:101DF000002B40F08B80564B1B685BB907F0BBFD96
:101E0000544D0146284600F061FF012840F08E80C5
:101E1000FFF79EFC86F31188BFF36F8F07F0ABFDD1
:101E2000031B632B054643D9EFF31184102383F37F
:101E30001288BFF36F8F494B3E78D3F800A007F0AC
:101E40009AFD53463246009042493CA801F0FCFD01
:101E5000C24600269AF80C10DAF8080007F066FD72
:101E6000421E53425341809AB34001361343032E1E
:101E700080930AF1180AEDD1394B1B688B93394BCB
:101E80001B688C9384F31188BFF36F8F07F073FD89
:101E90004FF4C06103463CAA8EA801F011FF40F246
:101EA000FE530138984202D88EA8FFF7F9FA2C4663
:101EB0001420002106F0D6FD049B9DE6012809D1DF
:101EC000FFF746FC96F8DD34002B3FF461AFD6F8FF
:101ED000343505E796F8DA34002B7FF459AF3B78B8
:101EE000002B3FF455AFFFF761FB51E702287FF469
:101EF00071AFEFF31185102383F31288BFF36F8F57
:101F00001948FFF79FFB85F31188B1E6114D95F84D
:101F1000DA3413B9FFF74AFB6DE707F02CFD0146F1
:101F2000284600F063FC0028F4D064E795F8DA3422
:101F3000002B7FF46FAF3B78002B3FF46BAFFFF7C4
:101F400035FB67E700200DF63C0DBDE8F08F00BFC4
:101F5000E80D0020D8020020D8C90008EC0D0020B0
:101F6000E40D0020E00D0020DDC9000870B500265A
:101F7000044600F5926518223146C0F86864C0F83E
:101F80006C64C0F8706428460AF046F9182231469D
:101F900004F58A600AF040F9D4F8C834D4F8A021D6
:101FA000ABB95242C4F8682400234FF48012C5E94B
:101FB000002345E90223D4F8A001D4F8DC3100382D
:101FC00018BF0120C4F8FC3484F8DA0470BD03F5AE
:101FD0008D7144F821204FF48010002103F192020A
:101FE00004EBC202012BC2E9000145E90201E2D182
:101FF000D4F88034D4F88424012B72F10001ACBFF2
:1020000001210021D4F86C04A1EBD2714143002AD4
:10201000C4F8701402DA5B4262EB42020549C4F86C
:10202000A0348B4272F10001C4F8A424A8BF45E992
:102030000232C0E70100100038B540F66802002106
:1020400004460AF0E9F84FF0FF330125C4F80835DB
:10205000204607F09AFE84F8D75484F8D45404F14B
:10206000800007F092FE84F8D85484F8D55404F523
:10207000807007F08AFE002384F8D95484F8D6349F
:1020800004F5C07007F081FE4FF4C81243F25553B7
:102090004FF42041C4E9F0231023C4E9F2130823CC
:1020A0001D4AC4E9F4331D4B1D48C4E9F723C4F8A5
:1020B000E4334AF6C873C4E9FB30802384F8A8549B
:1020C000C4F8AC3440F6B835C823C4E9FE53C4F8AC
:1020D000043449F64043C4F8D8234FF49652C4F868
:1020E0001034104BC4F80824C4F814344FF40073AF
:1020F0004FF4C872C4F818344FF48063C4F80C2449
:102100004FF44872C4F81C34074BC4F80024C4F8D8
:102110003835C4F8343538BD70A0FEFF905F01003B
:1021200055581400E0930400F8C90008F8B50446B7
:10213000164600EBC112D0681D4694F82875CB01F5
:1021400008B11269E2B9021E18BF0122234493F8B4
:1021500002C0944514D11A6993F804C0131E18BF25
:1021600001239C450CD10EB1024309D137B1D4F8FB
:102170002C358B4202D1002384F82835012014E04D
:102180001FB1D4F82C358B4206D00123C4F8245556
:10219000C4F82C1584F828350F4BC4F83435D4F81E
:1021A0002435EB1AC72B01D80020F8BDC4F8081558
:1021B000204607F0E8FB07230849C4F81035084B10
:1021C000C4F80C05002E18BF19462046C4F8145553
:1021D00007F088FCE8E700BF29CA00080ECA00081B
:1021E00005CA00082DE9F74F022904460D4691461D
:1021F0001F460C9E00F2688100EBC11898F805306C
:10220000D8F80CB04FEAC11A0193BBF1000F06D009
:10221000D8F81030B3F1000B18BF4FF0010B04EBEE
:102220000A035B693A46009349463346404607F045
:10223000F1FD019B002B69D198F80530002B6BD183
:10224000009B002B64D004EB0A035B69002B40F079
:102250008C8094F8DC34002B00F09A80B9F1010FE7
:1022600000F0A38094F8DB34002B00F02D8194F86B
:102270003035022B04D1D4F8C834012B00F03E8154
:1022800094F831350A2B40F0FA80022D40F0F780A7
:10229000B9F1010F02D0012F40F0F18094F8DF3442
:1022A00053BB94F8DA244FF00108C4F8EC34C4F8B6
:1022B000F03484F8293584F8DA34022384F8E024F1
:1022C000D4F8A021C4F80835C4F8E42494F8F8211F
:1022D000204684F8E824C4F8F864C4F8F46484F868
:1022E000DF8407F050FB874BC4F80C05C4F8108559
:1022F000C4F81465C4F83435D4F8EC3443F004035E
:10230000C4F8EC34012384F82935B8E0009B3BBBCA
:1023100004EB0A035B691BB304EB0A035A6920460A
:10232000002A14BF04230223C4F808550093019225
:1023300007F029FB009BC4F80C05C4F810352046B3
:10234000C4F8146507F0C4FB50B994F8DC343BB909
:102350006D4B6E49019A002A18BF0B46C4F83435FC
:1023600098F80530002B3FF46EAF204607F0B0FB25
:1023700010B994F8DC345BB1A244DAF81410624A64
:10238000624B204600290CBF1146194607F0AAFBF4
:1023900094F8DB34002B00F09780B9F1010F7FF443
:1023A00066AF012F7FF463AF15E0012F7FF45AAFC2
:1023B0002046C4F8085507F0E6FA5549C4F80C055C
:1023C000C4F810752046C4F8146507F08BFB94F828
:1023D000DB34002B78D098F8058094F830A5B8F15C
:1023E000000F7FF444AF2946204607F0E3FA0028A7
:1023F0006DD0BAF1020F08D1D4F8C834012B04D142
:10240000A91ED1F1000848EB010894F8DF344BBB5A
:102410004FF0010A94F8DA24C4F8EC3484F8E0248C
:10242000D4F8A021C4F8F034C4F8E42494F8F821D6
:1024300084F8293584F8DA34204684F8E824C4F88E
:10244000F864C4F8F46484F8DFA4C4F8085507F00D
:102450009AFA2C4BC4F80C05C4F810A5C4F81465FE
:10246000C4F834350122D4F8EC34AA401343C4F83C
:10247000EC3494F8293548EA030884F8298594F85F
:102480003035022B20D1D4F8C834AB421CD1D4F85B
:10249000A05133463A46494604F5C07007F0BAFCED
:1024A00095B1D4F8A0317BB994F8DF3463B994F8CE
:1024B000F831022B01D00B2B06D1204607F063FA2E
:1024C000C4F81C65C4F8180503B0BDE8F08FBBF173
:1024D000000FD4D1D4F8203520465A1C1CBF01333C
:1024E000C4F82035C4F8085507F04DFA0623C4F89F
:1024F0000C05C4F81035C4F81465C0E7022DC2D12C
:10250000C6E600BF59CA000842CA000838CA000817
:102510004FCA00082DE9F04190F8DD3404460E461C
:10252000002B61D10546074600F1030897F8D73420
:10253000391B002B5AD06B69B3B1D4F808358B42E4
:1025400003D1D4F81035042B0BD02046C4F808155D
:1025500007F019FA0423C4F80C05C4F81035C4F8C0
:1025600014652548BDE8F0816B79ABB1D4F8083526
:102570008B4203D1D4F81035022B0BD02046C4F87F
:10258000081507F000FA0223C4F80C05C4F810354A
:10259000C4F814651948E5E7EB68B3B12B69A3B13A
:1025A00094F8DF348BB9204607F004FA68B120466E
:1025B000C4F8081507F0E7F90123C4F80C05C4F8BE
:1025C00010350F48C4F81465CCE7284607F0E4FB43
:1025D00070B16B6AF31A1E2B0CD80137474505F111
:1025E0008005A3D10020BDE70648BBE70648B9E750
:1025F0000648B7E70648B5E738CA000842CA0008E7
:102600004FCA0008CCC9000869CA00087FCA000880
:1026100072CA0008F8B590F8A934044643BBD0F854
:10262000B8230AB9D0F8C423D4F8BC330BB9D4F812
:10263000C833D4F8F063F017A6FB036103FB001165
:10264000104B0905A2FB032351EA16314FEA520051
:102650004FEA065540EAC3704FEA630709D42818C9
:1026600041EB0701FDF744FDC4F88004C4F884146D
:10267000F8BD401B67EB0101FDF73AFD404261EBFD
:102680004101F1E740420F002DE9F8430546884635
:10269000D0F8740309681646CA17091A62EBE0728B
:1026A000002A4FF00003C0F29880D5F8A8038842B2
:1026B00073EB0202C0F293804FF47A20D5F87813BE
:1026C000D8F80440E217641A62EBE172A4FB0041FF
:1026D00000FB0211D5F8B82399424FEA52005DDBA6
:1026E000201841F10001FDF703FD04460F464FF4A9
:1026F0007A20D5F87C13D8F80830DA175B1A62EB29
:10270000E172A3FB003100FB0211D5F8BC230029C4
:102710004FEA52004BDB181841F100010023FDF78E
:10272000E7FC80468946D5F8F0332E4803FB07F1D5
:10273000DA1704FB0211A3FB0432891842D41818DB
:10274000294A4FF0000341F10001FDF7D1FCD5F813
:10275000D8333344DA179C4277EB02023DDBD5F8DD
:10276000E0339B1BDA17A342BA4136DBD5F8DC33E2
:10277000B8EB0008334469EB0109DA17984579EBA7
:1027800002022ADBD5F8E4339B1BDA17434572EBD0
:102790000902ACBF01200020BDE8F883001B61EBFB
:1027A0004101FDF7A5FC444261EB41079FE7C01AD8
:1027B00061EB41010023FDF79BFCD0F1000861EBC8
:1027C0004109B0E7C01A61EB41010023064AFDF759
:1027D0008FFC404261EB4101B9E70020DCE718467D
:1027E000DAE700BF20A1070040420F002DE9F041C9
:1027F00090F8DA6404460D46002E3DD0FFF78AFEBD
:102800000146B0BBD4F82C34EB1AB3F5AF7F2FD20E
:10281000D4F8303494F8DB04EA1A3B493B4B0028E7
:1028200018BF0B469A422BD2D4F86833384A03F5C6
:10283000741303F6FF03934224D8D4F86C3303F5E2
:10284000741303F6FF0393421CD8D4F8703303F5D6
:10285000741303F6FF03934214D894F83075022FD3
:102860001AD1D4F8A0317BB9002384F8DA3403E01C
:102870002849204607F036F900263046BDE8F081A9
:102880002549F6E72549F4E7294604F5C07007F025
:1028900045FB0028F1D1E7E794F831350A2B0DD13B
:1028A00001212046D4F86C2407F0A9F830B10023A8
:1028B00084F8DA34012384F8AA34DDE7002504F52E
:1028C0008E6858F8042F2946204607F098F80246EB
:1028D00040B12DB11249134B012D08BF1946C8E76D
:1028E0001149C6E70135032DEBD1012FC5D194F86D
:1028F000DC3433B1204604F55A71FFF7C5FE0028D9
:10290000BBD10A49B5E700BF40771B00C0270900CB
:10291000FE117A0090CA00089FCA0008ABCA0008DE
:10292000BBCA0008CCCA0008C4CA0008D5CA00083F
:102930002DE9F74F0027044699460B1FC0F838745D
:10294000C0F83474C0F83C24C0F80075019300F559
:10295000597500F5896E00F58C6A019BDFF808B1A6
:1029600053F8046F019355F8043FF017B6EB030CCE
:1029700060EBE37006F5741303F510635B4503D950
:10298000022003B0BDE8F08F00286346834603DAD7
:10299000DCF1000360EB400BDFF8D080984577EB6B
:1029A0000B0BEDDBBCF1010FAE6170F10006ACBFAB
:1029B000012600264FF0000B4FF0000CA6EBD07064
:1029C000C5F80001C5F8DC30EEE902BCD4F83804E3
:1029D000834288BFC4F83834D645BED140F24E2376
:1029E0005A43D4F838049042CAD8D4F86834D4F89A
:1029F0007053C4F87434D4F86C34D4F88064C4F8D8
:102A000078348B684968DA175B1B62EBE572D4F89F
:102A10006C53CF17491B67EBE577D4F88454120544
:102A20004D4307FB0655A6FB016142EA13321B0525
:102A30009B1B0D4462EB0502012B72F10003ACBF3E
:102A400001230023B9F1000FA3EBD273C4F87C3447
:102A50000CBF01230323003818BF012084F8303550
:102A600084F8DA048DE700BF00127A0040420F00BC
:102A70002DE9F84F90F866780446DFB190F8673892
:102A800053B1D0F83424D0F838349A4212D3B0F885
:102A90005C380133A0F85C38B4F85C28B4F85838D6
:102AA0009A420BD1002384F8DA34A4F86638274B15
:102AB000C4F8343500273846BDE8F88FB4F86068AC
:102AC0005EB9D4F84C3822495A1C1CBF0133C4F8F3
:102AD0004C38204607F006F8ECE71821B4F85E58A9
:102AE0000023694304EB0108B8F84C9501F23C510E
:102AF0004A4621442046FFF71BFFD8F848B58246D6
:102B0000C4F848B8B8F84E155A46A4F86218B8F890
:102B100050854846A4F8648807F039F85A46C4F846
:102B200050084146484607F032F80123013505F0C8
:102B30001F05013E9A45C4F85408A4F85E58A4F84D
:102B4000606884F86738B6D00249C2E7E0CA000876
:102B5000E9CA0008F6CA00082DE9FF41164600221E
:102B600004460D461F46FFF7E1FA48B994F8DB64C6
:102B700086F001067600F6B2304604B0BDE8F0817A
:102B8000012D07D13B462A4602212046FFF7CEFA07
:102B90000028EBD002234FF0000884F8316504F5DB
:102BA000C076802284F83035304684F82885C4F811
:102BB000C85404EBC51109F021FB00220023C4F81E
:102BC000A081C4E97C23C4E97A2395BB4FF47A72CF
:102BD00094F8D434D4F814C483F0010384F8803119
:102BE000D4F80C34D4F81CE4C4F83832D4F80834DF
:102BF000C4F84C7204F50070039704EB8501D1F81A
:102C0000CC13CDF800C0CDE901E1314601F03EFA28
:102C1000782202FB0545D4F82C340228C4F8E031B0
:102C20000646C5F84C3233D12046264906F05AFFF5
:102C3000A2E778206843631993F8D434022D84F80E
:102C4000803104EB0003C3F84C7211D1D4F8043482
:102C5000D4F8E423C4F82833D4F8DC3304F53C700A
:102C6000D21AD4F80034D4F810C4D4F818E4C3E766
:102C70003222C3F8382204EB8503D3F8DC23D3F8DF
:102C8000D43300F50070D21A2044D4F8FC33EAE7BC
:102C9000D4F8A03163B994F8F831022B01D00B2B92
:102CA00006D1204606F06FFEC4F81C75C4F818055E
:102CB0002046054BC4F8343504B0BDE8F041FFF7B9
:102CC00055B900BF03CB00080DCB00082DE9F04F2C
:102CD00090F8663804460D4687B08BB190F8673897
:102CE00073B9FFF717FC014608BBD4F82C34EB1A74
:102CF000B3F5AF7F20D20025284607B0BDE8F08F9E
:102D000094F8DB34002BF6D029462046FFF702FC6E
:102D1000014660B9D4F82C34EB1AB3F5AF7F0BD26F
:102D2000D4F83034A24AEB1A934207D3A149204683
:102D300006F0D8FE0225DFE79F49F8E794F8DF3474
:102D40006BBB94F83035022B40F07E827826D4F8A5
:102D5000C8042A4606FB004004F5C07100F5007067
:102D600001F0F2F9D4F8C83406FB03F2A11891F887
:102D700000720B2F40F0BA8091F80222062A0CD183
:102D8000C4F808350523C4F81035D4F81835C4F84C
:102D90000C35D4F81C35C4F814358849C7E7D4F885
:102DA000EC3413F0010618BF03269A0748BF46F01B
:102DB0000C065807204648BF46F0300606F0E3FDF3
:102DC000D4F8F03430409842C0F381031CBFC4F8FB
:102DD000F004C4F8F854032BD4F8F4344FEA10127A
:102DE000A5EB030306D1C72B85D903237449C4F887
:102DF00010359CE7032AF6D0C72BF6D800F0030065
:102E000003283FF478AFD4F8F834EB1A132B7FF68D
:102E100072AF94F82935A3B1D4F80C3113B9D4F8B2
:102E2000103173B102232046C4F8083506F0ABFD1B
:102E300007236449C4F80C05C4F81035C4F81455C8
:102E400075E7002384F8DF34D4F80435C4F8FC5463
:102E5000591C1CBF0133C4F804355B4BC4F834352E
:102E6000D4F83434C4F8003594F8E03484F8DA3413
:102E700094F83035022B06D094F8DA34002B3FF466
:102E800060AF012538E7782094F8E824D4F8E414FA
:102E900084F8F821D4F8C824C4F8A01100FB024239
:102EA0000020814282F8700216D0CCBF0121014679
:102EB00094F88021914213D1D4F88C21002ADBD0E0
:102EC00000222046C4F8A02184F8F83106F05BFD0A
:102ED000C4F81C55C4F81805002384F8DA3430E728
:102EE000D4F89031002BC7D00B23E9E7012805D196
:102EF000204607B0BDE8F04FFFF738B804282BD1C3
:102F0000D4F8A02193B95242C4F86824012384F86C
:102F1000DA342D4BC4F8FC54C4F83435D4F80435F5
:102F20005A1CAED00133C4F80435AAE703F58D71FD
:102F3000012B44F82120E9D1D4F88034D4F884144A
:102F4000012B71F10003ACBF01230023A3EBD1736C
:102F50005343C4F87034D9E702F50070204407F0F9
:102F60003DF8834600287FF4C6AED4F8C89406FB2B
:102F70000946D6F804A204EB8907C7F8A8A3B9F15B
:102F8000000F76D1D4F8F42312B34FF47A27AAFBBA
:102F900007B74B46394658460192FDF7F9F8019AB2
:102FA0000646934577F10007884616D20749BEE6E4
:102FB00040771B009FCA000890CA00082ACB00086F
:102FC0001ACB000805CA00080DCB00083DCB00084D
:102FD000D4F8C063C846002EE8D0BF4BB3424FF0D0
:102FE000000373EB0803E1D394F83135C4F8B463FC
:102FF000062B03D194F8A934002B79D1D4F8683387
:10300000A3EB0A03C4F8743394F83135062B52D07D
:103010002046FFF7FFFAD4F88424D4F88034002A3D
:1030200002DA5B4262EB4202AC498B4272F100026F
:1030300080F20881D4F86803D4F86C1303AB03C39F
:10304000D4F8700304F55A76186094F83135013BD2
:103050000B2B00F24183DFE813F0FD000101320188
:1030600036028F0292020B033F033F038001AF0140
:1030700035014FF47A20D7F8D433D7F8DC23AAFBF4
:103080000001D21A5B46FDF783F8954A431E884635
:1030900061F100019A427BEB0101064686D3B9F14A
:1030A000010FC7F8B4031FD094F83135062BAFD108
:1030B00094F8A934E3B9D4F8E833D4F8F013D4F889
:1030C000DC6383FB0131002986484FEAE67880F211
:1030D0008A80C01A61EB41010023834AFDF708F89A
:1030E000404261EB410186E094F8A934002B53D0B3
:1030F000D4F8C034D4F8B803DA17012B72F1000108
:10310000ACBF01270027A7EBD277D4F8C424002B4B
:1031100087FB0272A7FB007100FB02127249B8BF65
:103120005B42A7FB01C701FB0277D4F8BC13D81799
:10313000A3FB012301FB0033002F4FEA520040EABA
:10314000C3704FEA630113DB1CEB000047EB010186
:10315000FCF7CEFF0029034602DA434261EB41014E
:10316000624A9A424FF000038B410BDA6049DEE578
:10317000B0EB0C0061EB0701FCF7BAFF404261EBDA
:103180004101E7E7C4F8F003B9F1000F3FF436AFAF
:10319000B9F1010F7FF438AFD4F8D803D4F86C73C9
:1031A00000FB08F1C31706FB0311A0FB06068919F3
:1031B0000DD410F5FA204FF47A224FF0000341F1BC
:1031C0000001FCF795FF3F1AC4F878731CE7D0F5AF
:1031D000FA204FF47A224FF0000361EB4101FCF733
:1031E00087FF4042EFE718183F4A4FF0000341F1D4
:1031F0000001FCF77DFFD4F8BC33301848EB010820
:10320000A3FB000103FB08110029D4F870730DDB48
:1032100010F5FA204FF47A224FF0000341F100013B
:10322000FCF766FF3F1AC4F87C73F1E6D0F5FA208C
:103230004FF47A224FF0000361EB4101FCF758FF95
:103240004042EFE72B4972E594F8DA34002B3FF463
:10325000F1AE50E52B460222022136E0D4F8B0331D
:10326000D4F87023C4F8B03403EBD373C4F8B82493
:1032700002EB6302C4F8BC24059A204602EB630209
:10328000059203A92A4606F05BFC30B994F8DB04EA
:1032900080F001004000C5B22EE5032384F83135EB
:1032A000C8220123204603A9FFF742FB0228054656
:1032B0007FF422AD2046104906F014FC1CE594F87A
:1032C000A834DBB92B4604220121204607B0BDE813
:1032D000F04FFFF741BC00BF00E1F505010000041D
:1032E0003F420F0020A1070040420F0080841E00D3
:1032F0004ACB00085CCB0008F9CB00082B46002223
:1033000001212046FEF712FF00283FF4F4AC2B46C3
:10331000012202212046FEF709FF00283FF4EBAC12
:10332000D4F86C330122C4F8B4340023114620468B
:10333000C4F8C434C4F8C034A4F8AA3406F05FFB5F
:10334000D4F8AC2400B15242049B134404930A23E2
:1033500084F8313501233222A4E794F8AA34E3B18A
:1033600094F8AB340BB1C749E1E44FF48073D4F85F
:10337000AC24D4F86C14A4F8AA34D4F8B43420469D
:1033800001FB12332A4603A9049306F0D9FB01235B
:103390000028E0D1A4F8AA34ADE4D4F86C33D4F812
:1033A000B4249B1AC4F8C0340F331E2B01D8B6497D
:1033B000BDE42B460B224FE76421D4F8B033D4F898
:1033C000B024D21AB3FBF1F3002AB8BF524204333F
:1033D0009A4201DDAD49AAE4D4F8C024D4F8B83447
:1033E000D4F87063012AA6EB03064FEAE27373F187
:1033F0000001ACBF01270027A7EBD37787FB06713D
:10340000002AB8BF52420905D317500851EA1731B4
:10341000C4F8C4644FEA075C40EAC3701CD41CEBD8
:10342000000043EB0101FCF763FE002903460A4656
:1034300002DA434261EB4102954FBB4272F1000256
:1034400004F5906302DA07360E2E0FD80021002013
:10345000C3E900018F496AE4B0EB0C0063EB0101A2
:10346000FCF746FE404261EB4101DEE7C4F8800410
:103470005960D4F8F023D317012A73F10002ACBFCE
:10348000012200220128A2EBD37271F10003ACBF2C
:1034900001230023A3EBD1739A4201D07E4946E475
:1034A0000126D4F8B4342A460493D4F8BC34204618
:1034B00084F8A96403A9059306F042FB00283FF4B1
:1034C0001AAC0C23EAE6D4F8E803D4F8B833C217F0
:1034D000A0FB030103FB02110029D4F8786336DB5B
:1034E00010F5FA204FF47A224FF0000341F1000169
:1034F000FCF7FEFDD4F86C333044D4F88424C117B3
:103500000490C01A00FB02F261EBE371D4F880343E
:1035100001FB0322A3FB0030121824D413F500236F
:1035200042F100021B0D43EA0233059A20461A4479
:10353000059203A92A4606F003FB00283FF4A6AE35
:1035400005234FF4C87284F831350123AAE6D0F57B
:10355000FA204FF47A224FF0000361EB4101FCF7AF
:10356000C7FD4042C6E7D3F5002362EB42021B0DC4
:1035700043EA02335B42D8E72B4606226CE6D4F8D6
:10358000E833D4F8F013D4F8EC6383FB013100295D
:1035900042484FEAE67840DB1818414A4FF00003F2
:1035A00041F10001FCF7A4FDD4F8BC33301848EB1E
:1035B0000108A3FB000103FB08110029D4F87C7368
:1035C00036DB10F5FA204FF47A224FF0000341F178
:1035D0000001FCF78DFDD4F8B433D4F8F863074448
:1035E0000597A6FB036716F5FA204FF0000347F195
:1035F00000014FF47A22FCF77BFD2A4BB3424FF0D7
:103600000003BB4106DAD4F8A8335A08904271F19E
:10361000000119DB2449FFF78ABBC01A61EB4101A5
:1036200000231F4AFCF764FD404261EB4101BBE708
:10363000D0F5FA204FF47A224FF0000361EB4101FC
:10364000FCF756FD4042C6E7D4F8742303A913449F
:10365000181A03902A46204606F072FA00283FF412
:1036600015AE07234FF4487284F83135012319E66B
:103670004FF47A7231462046FFF706F8C0B90B497D
:10368000FFF755BB6CCB000881CB000896CB000838
:1036900001000004A6CB0008BBCB000820A1070056
:1036A00040420F00FF2FF200C9CB0008D5CB000825
:1036B000002384F8DB34012384F8DC34D4F840346C
:1036C0000133C4F840344FF40063A4F83035044BA0
:1036D000C4F83435FFF70FBB0249FFF728BB00BF22
:1036E000E1CB0008EDCB00082DE9F04F90F83065F4
:1036F0000446022E13BF4FF0000CD0F88854D0F8C7
:103700008CC4D0F8385485B055EA0C033AD0002266
:103710004FF001089146D0F86803D4F86C1301AB60
:1037200003C3D4F870030DF1040E186004F244478B
:1037300004F58A63022E14BF4FF0000AD3E9101A71
:10374000186818BF3968091858684AEB0000A94280
:1037500070EB0C0A1CD2C3E900100132032A03F1FA
:1037600008030EF1040E07F10407E3D1012E1FD167
:103770000022204601A9FEF787FFD8B94349204619
:1037800006F0B0F94FF00009484605B0BDE8F08FEB
:10379000491B60EB0C00C3E9001008FA02F1786ADB
:1037A00049EA0109DEF800100144CEF80010D4E720
:1037B000022EE9D0D4F86C33029F039EFD17FF1A46
:1037C00065EBE37594F83135D4F870B30A2BD4F86F
:1037D0008084D4F884A413D1012F75F10003ACBF09
:1037E0000122002201212046A2EBD57206F007F942
:1037F00030B1002384F8DA34012384F8AA34C1E715
:10380000D4F86813019B2046DA175B1A62EBE17269
:10381000012B72F10003ACBF012300230021A3EBB5
:10382000D27206F0ECF870BB012F75F10003ACBF4B
:103830000122002201212046A2EBD57206F0DFF81A
:1038400008BB08FB05F5F21707FB0A55B6EB0B069C
:10385000A8FB078762EBEB72120542EA16323605C7
:10386000B6EB08063D4462EB0502012E72F100033F
:10387000ACBF0123002302212046A3EBD27206F045
:10388000BEF8002880D0024979E700BFD5CA0008F9
:1038900005CC000890F83035022B05D1D0F8A031C6
:1038A000CBB980F8DA347047D0F83434D0F8382403
:1038B00001339342C0F834340DD390F8663853B9CD
:1038C00090F8DB14044A80F8DA34044B002918BF5E
:1038D0001346C0F8343570470DCB0008E0CA000825
:1038E000F8B590F830350546022B3BD1D0F8FC34C2
:1038F000D0F8DC21D0F8C8048A1AC91A8A4228BF35
:103900000A467823322A38BF322203FB0053D5F807
:10391000D811D3F83832323A8B4228BF0B46B2F571
:10392000FA6F28BF4FF4FA62C91A4A434FF4FA619A
:10393000B2FBF1F21A44D5F88834D5F88C44A3FBD5
:10394000023102FB04121B0D43EA0233322B38BF53
:103950003223002858D0B3F5C86F28BF4FF4C8638E
:103960002F485AE0D0F83424D0F8387490F86638EC
:10397000D0F83C44BF1A53B390F867383BB3D0F843
:1039800050382146B0F8620806F053F83A46064629
:103990002146D5F85438B5F8640806F04AF8B04224
:1039A00028BF30464FF08042904205D300232AB909
:1039B000322B38BF3223CEE79208F5E799188142BF
:1039C0004FEA53039CBF9B18401A9208EFE7D5F8C3
:1039D0000035D21ABA4228BF3A46D5F84834C82A28
:1039E00028BFC82273B9D5F84C345BB9D5F80C148C
:1039F000A14228BF2146631A5343C822B3FBF2F306
:103A00000B44D5E73221F3E7B3F5C85F28BF4FF485
:103A1000C85303F5742000F23F20B0FBF3F0F8BD6B
:103A200040420F0039B1D0F8D02490F8DE3402447F
:103A300082F8D73470470122024980F8DD2406F06D
:103A400051B800BFCCC900082DE9F74F0C46054618
:103A50001F46164600214FF4A47208F0DDFBD4F88F
:103A600020342046C5F89830D4F82434C5F89C306A
:103A7000D4F84034C5F8A030D4F83434C5F8A430B4
:103A8000D4F83834C5E92A37B4F85838C5F8B03016
:103A9000B4F85A38C5F8B430B4F85C38C5F8B83062
:103AA000B4F86038C3F12003C5F8BC30D4F84C3802
:103AB000C5F8C03006F00CF8002818BF064685F897
:103AC000316194F8DC3485F8323194F8DD3485F8CE
:103AD000333194F8313585F83431D4F83435C5F8BC
:103AE0003831D4F80435C5F8C43094F8DF3485F89B
:103AF000FC30D4F82035C5F8E43094F8283585F842
:103B0000FD30D4F82C35C5F80031D4F80835C5F8A7
:103B1000E830D4F81035C5F8EC30D4F80C35C5F8D9
:103B2000F030D4F81435C5F8C83094F83035C5F8FD
:103B30001431D4F8C834C5F8183194F8DA0430B127
:103B400020460C99FFF7CCFE5C4BB3FBF0F0A0468F
:103B50000027C5F81C01D4F8F03304F55979C5F8ED
:103B60002031D4F880342E1FC5F82431D4F8C03465
:103B700004F5627BC5F82831D4F8C43404F2D34A82
:103B8000C5F82C3194F8A93485F8303105F140039B
:103B9000019359F8043F0199D9F80C209B1A46F873
:103BA000043FD9F80C20D9F818309B1AF360FBE9D0
:103BB0000223E1E90223236C0191C6F8CC30D8F846
:103BC00044327900C6F8D8306369D5F8F820003B54
:103BD00018BF0123BB401A43C5F8F82023691A1EF9
:103BE000E36818BF0122003B18BF012343EA4203E8
:103BF000D5F8F4208B401A43C5F8F420D9F84030AA
:103C0000B361D9F84C307362D8F824323363D8F8F2
:103C10002832F36398F80032336698F80232F3667C
:103C200098F80132B367A378D5F88420002B41D1EE
:103C3000E368003B18BF01238B401343C5F8843071
:103C40002279CABB2269003A18BF012201318A4099
:103C50001A432046C5F8842006F09EF8D5F888302F
:103C6000B8400343C5F888309AF80420D5F88C3062
:103C7000BA401343C5F88C301AF8012FD5F89030AC
:103C8000BA401343C5F89030D9F800318034C6F8F3
:103C9000043114F87B2CD5F89430BA400137134323
:103CA000032FC5F8943008F178087FF472AF03B0A1
:103CB000BDE8F08F0123BFE70122C7E740420F00B4
:103CC00030B5D2F83841D7B05494D2F8404153942B
:103CD000D2F8AC40529492F833415194D2F83C411E
:103CE0005094D2F8C0404F94D2F8BC404E94D2F8D1
:103CF000B8404D94D2F8B4404C94D2F8B0404B94B4
:103D000092F830414A94D2F82C414994D2F8284193
:103D10004894D2F824414794D2F820414694D2F8EE
:103D200010414594D2F80C414494D2F80841439490
:103D3000D2F804414294D2F81C414194D2F818417F
:103D40004094D2F814413F94D2F8E0403E94D2F827
:103D5000DC403D94D2F8D8403C94D2F800413B94EA
:103D600092F8FD403A94D2F8E4403994D2F8D44025
:103D70003894D2F8D0403794D2F8CC403694D2F868
:103D8000C8403594D2F8F0403494D2F8EC403394E3
:103D9000D2F8E8403294D2F8C440319492F8FC4012
:103DA0003094D2F8F8402F94D2F8F4402E94D2F800
:103DB000A8402D94D2F8A4402C94D2F894402B948F
:103DC000D2F890402A94D2F88C402994D2F88840B6
:103DD0002894D2F884402794D2F880402694D46F57
:103DE0002594946F2494546F2394146F2294D46E6A
:103DF0002194946E2094546E1F94146E1E94546CEF
:103E00001D94146C1C94D46B1B94946B1A94546B77
:103E10001994146B1894D46A1794946A1694546A7B
:103E20001594146A1494D469139494691294D2E981
:103E30001645CDE91045D2E91445CDE90E45D2E944
:103E40001245CDE90C4554690B9414690A94D46861
:103E5000099494680894546807941468069492F836
:103E600034410594D2F8A040049492F8324103946E
:103E700092F83141CDE90134D2F89C300093D2F868
:103E80009830024A05F01EF857B030BD0BCE00083E
:103E90001FB5089C03949DF81C400294069CCDE934
:103EA00000341346024A05F00DF804B010BD00BFFF
:103EB000CDD100082DE9F74F1C46DDE90CA80378A9
:103EC000834616460E9F1BB9002003B0BDE8F08F55
:103ED0002D2B03D0A3F13002092AF5D82D2B0CBFCE
:103EE0005A46ABF1010212F8013FFBB908F0F8F9AC
:103EF0000546DFF840900A2240F8093001A95846EB
:103F000005F02CF855F80930002BDDD1019B1B780A
:103F1000002BD9D1B04271EB0404D5DB824578EB9C
:103F20000108D1DBC7E900010120CEE7303B092BB6
:103F3000D9D9C9E70C00000038B50C4605460B4935
:103F40002046FCF799FA22462846094904F0E6FF84
:103F5000621E12F8013F03B938BD413B192BF8D955
:103F60002046BDE838400149FCF786BA22D2000855
:103F70002AD20008F8B50D461146026A0446069E8C
:103F800062B9012D01D06A1C08D141F6CE02A1F11F
:103F90003200904202D80E4A934206D9002323628F
:103FA0000723022084F87830F8BD00272365A16537
:103FB000324629462046676505F0F5FE034608B1FE
:103FC0002762EEE70120C4E917662562EAE700BF31
:103FD00040420F002DE9F3411F460023022A044608
:103FE0000E4615460270A0F8703080F8723002D18B
:103FF000236C012133E0082AFAD0052A2CD0042AA8
:1040000025D10121C36B626B1F4830633046009796
:10401000FFF7B0FFF765E36C0228804633660FD1E7
:10402000012D96F8782006D13378002B14BF0B238E
:104030000223934204D004233146204605F0D5FFE5
:1040400008F1FF335842584102B0BDE8F081062A1A
:1040500007D1026C5300CCE74FF0FF31036CA26B29
:10406000D2E74FF41273D340DA0706D5026C53003F
:10407000072D4FF0FF31C6D0F1E7012DC36BF7D10B
:104080004FF0FF31BFE700BFC0270900F0B5846BD8
:104090001D46DDE90767DDE905C30CB932248463F9
:1040A0000478013C082C47D90C6A002C44D1234CDD
:1040B000A2F57A7EA6453FD841F6CE04A5F1320E90
:1040C000A64539D8846B312C36D9AC4234D81C4C37
:1040D000ACF5807EA6452FD8A3F12004B4F5FF5F90
:1040E0002AD89C4528D9022E1CD82EB30469013445
:1040F00022D00024C0E90B26C0E90944C0E90FC35F
:10410000C0E9127780F820404464847044704563AD
:10411000D1E91A23C0E916233B46BDE8F04001224D
:10412000FFF758BFA6F1040EBEF11C0F04D8054CD2
:1041300024FA0EF4E407D9D40220F0BD587A050021
:1041400040410F00111000102DE9F3411346027891
:104150000546013A082A0C4608D8C26C9A1AB2F5EC
:10416000AF7F07D30223032205F03FFF002002B0F8
:10417000BDE8F081CA684E694AB10A693AB126B908
:104180000C22042321462846EEE70422F9E7019396
:10419000002EFAD16279002AF2D1204605F0FCFD0A
:1041A00020B1626A019B9A1A1E2A0CD96369002BFE
:1041B000EBD16379002BE3D1204605F0EDFDC0F192
:1041C0000602D2B2DDE7AA6C91499A1A8A4218D245
:1041D000E26D90499A1A8A4213D8D4E91A02D5E9B5
:1041E0001617D5E90FCE411A4FF009004FF003081A
:1041F00062EB0702AEFB0007ECFB08078142BA4105
:1042000001D305239CE02978276A02291FD00829B9
:104210001DD005293FD001F0FD02042A0CBF01206A
:104220004FF0FF30002FA1D10028D4BF0027012775
:1042300094F800E094F87820BE4559D00B2A5FD05E
:10424000D31EDBB20A2B76D87349CB5C9AE74FF0CA
:10425000FF3247B395F87130002B87D1002AD4BFC5
:104260000022012223789A4217D1A378002B7FF4F1
:104270007DAFE368003B18BF0123002B7FF476AFCE
:10428000636DAEF1100E7345BBD810332365012367
:1042900085F871306AE70122DBE72379002B7FF490
:1042A00065AF2369E6E794F878000828A9D195F866
:1042B00071000028A5D0002AD4BF00220122207856
:1042C00082420CBFE2682269003A18BF0122002A2C
:1042D00097D105290AD0082914BF032209222146B3
:1042E000284602B0BDE8F041FFF774BE0622F6E7AB
:1042F000022A05D0D31EDBB20A2B23D9052341E7BE
:10430000626D12B901297FF47CAF95F872201AB959
:1043100001226B6585F872202278BA4218D1E268D2
:10432000002A48D1E27952BB6A6D9A1AC72A7FF6F1
:104330001DAF062304E0022A4FF005037FF422AFED
:1043400010221FE734490B2A08BF1022CB5C19E763
:10435000226972B1A26B9A1A132AE5D90139082988
:1043600000F29C80DFE801F0299A2B319A33519AB0
:104370005A00227A002AD7D0E26A217901E0A26AA3
:10438000A1780029D0D19A1A132ACDD9236D1BB157
:10439000626D93427FF635AF0023206284F8783057
:1043A00085F8703085F872306B6C5A1C01D001337F
:1043B0006B640420DBE6626BCDE702228FE7D4E971
:1043C0001C010422C5E9180189E7052287E7D4E921
:1043D0001C21D5E91807904277EB010E01DB07237A
:1043E000AEE7121A61EB0701402A71F10000FFF4F9
:1043F00008AF944576EB0101FFF403AF6A62D4E99C
:104400001C010722C5E91A0169E7082267E700BF16
:1044100040771B00BF2709002FD20008D5E91A32C8
:10442000D4E91C10994270EB0207D8DA5B1A62EBF0
:104430000002402B72F10001FFF4E3AE9C4576EBE5
:104440000202FFF4DEAE696AAB624A1C8B421A4478
:104450002CBF5B1ACB1AB2F5487F2ABFC8210421B2
:10446000B2FBF1F19942BAD3EB6A5208AB602B6B05
:104470006A60EB60D4E91C23C5E90623012385F8B3
:1044800020302B69082101332B610A232B70002374
:104490002046AB70236305F07AFC67E608234FE7FC
:1044A000014B1860704700BFB000002080B5054682
:1044B0000E461746984604F0F3FA034607F010FF3D
:1044C0000446DFF81890424649F800303946304635
:1044D000A84754F8090001F0BDFA00BF0800000029
:1044E000034A0020536823F002035360704700BF63
:1044F000002004E0044A0020136843F01003136016
:10450000024B034A1A607047002002403801002025
:1045100000127A00F0B40C4B0C4E5F6A0C4BB342A5
:1045200003D36FF08500F0BC70475D68BD4209D3CE
:104530001C693CB195F802C00579AC4502D123460F
:10454000F0BC18472433EAE7000E00206802002080
:10455000440200202DE9F04705460E461746124C4E
:10456000DFF84880DFF84890444503D36FF08500BA
:10457000BDE8F0876268D9F824309A4212D3A36963
:1045800083B190782979884205D13A463146284648
:10459000BDE8F04718475279012A03D13A4631461F
:1045A000284698472434DFE74402002068020020B0
:1045B000000E00202DE9F04105460E4617460A4C34
:1045C000DFF82880444502D36FF0850009E0636975
:1045D0000BB92434F6E73A46314628469847002876
:1045E000F7D1BDE8F08100BF44020020680200203E
:1045F00010B5044601F084FD10F1780F00D050B9D9
:10460000204605F015FE044AD2F8C43023EA000320
:104610000020C2F8C43010BD000E00200022024B62
:104620001A605A60704700BFBB0E002070B50B4B7C
:104630000B4CA34201D3002070BD0022196A1E7FDB
:104640000439D5B2AE4201D82433F2E7013211F871
:1046500032508542F5D10120EEE700BF4402002030
:104660006802002008B509480378C3F341130A33F0
:1046700050F823303BB100F1080200F110019847D7
:10468000C043C00F08BD1846FCE700BF000E002065
:1046900004282DE9F14F04460F46DFF8949016D018
:1046A00001282DD1DFF88C8098F8B93043B300F0A1
:1046B000FDFD214D4D4520D24FF0000AD5F820B028
:1046C0002B7F5FFA8AF6B34204D82435F2E7FFF76E
:1046D000A5FFE7E70BEBC606307901F011FD0246B6
:1046E000307905F0A5FDD8F8C430002A23EA00038C
:1046F000C8F8C4300AF1010AE2DA002388F8B930B8
:104700000D4D4D4508D30B4B1B6A6BB13946204606
:1047100001B0BDE8F04F1847EB681BB13A4621469F
:10472000284698472435ECE701B0BDE8F08F00BF7C
:1047300068020020000E00204402002073B5C4B2BD
:1047400063060D468DF8074007D02046FFF76EFF41
:1047500078B10D4B93F8BA0058B120460A4E55B1C6
:1047600001F07EFCF3691BB108200DF107019847A9
:10477000012002B070BD01F089FCF369002BF7D075
:1047800009200DF10701F2E7000E002073B58678CD
:104790001E4C8DF800600379427943EA0223ADF89C
:1047A0000230C378304603F003038DF8043005F07F
:1047B0003FFDD4F8C430054618420BD0304600F017
:1047C00057FD3046FFF714FF07F045FB10B9962060
:1047D00007F0EEFB684601F0F5FB10F1780F03D00F
:1047E00010B1002002B070BD9DF8000001F064FC23
:1047F00010F1780F01D00028F3D10120D4F8C43093
:1048000084F8B9002B43C4F8C430EBE7000E002055
:104810002DE9F047A34E0446B3690F461546FBB990
:10482000237803F01F03012B00F09D80022B00F082
:10483000048133BB94F900002A680028617834DAD7
:10484000062912D008292BD0D9B901235170137031
:1048500096F8C3305B0043F00103137002232AE192
:1048600098470028DCD100200DE06288100A011F63
:104870000129844605D9072803D8716AD2B20C7879
:104880001CB96FF01500BDE8F0874E78664503D17E
:104890009A4200F00B8101332144F0E70B780AE1E2
:1048A00096F8BA301370012305E101390829E8D8D8
:1048B00001A353F821F000BF5149000883480008C4
:1048C0005F49000883480008DD4800088348000865
:1048D0008348000883480008E9480008A07801F0F0
:1048E00031FB0028BFD0CCE76388756A63BBFFF754
:1048F00095FE638886F8BA30F369002BB3D00320A5
:1049000069499847AFE76B78042B10D0052B11D07D
:10491000022B04D16F796388BB4208BF01202B783A
:104920001D442B78002BEED10028AAD0DFE795F8A4
:104930000380F4E76388BB42F1D1B8F1000FEED1F8
:104940002846FFF723FFEAE7FF270020B846E8E7FD
:104950006388012B95D1002386F8C33083E76388F1
:10496000012B8ED1F8E796F8BA30D5F800C0002BAD
:1049700087D0756AA3882A4694F804E01078002846
:104980003FF47FAF5178022904D192F80480F045BA
:1049900000F293800244F1E78CF800208CF80120AB
:1049A000396060E7154494E00B2A7FF46AAF002772
:1049B0004FF0FF08BA46C14606E06B78042B0FD0D3
:1049C000052B21D02B781D442B78002BF5D1F369D2
:1049D00013B1514607209847002F7FF444AF50E7AA
:1049E00095F80280A38895F803909845EAD16388EA
:1049F0009945E7D1B8F1070F1CD806EB0803AA4682
:104A0000012783F8BB90DDE7A3884345DAD1A3787B
:104A10004B450AD0AF78384600F02AFC3846FFF7FD
:104A2000E7FDB0FA80F77F09CCE72846FFF7AEFE36
:104A30000746C7E7AA460027C4E794F90020637831
:104A4000002A18DA002B7FF41CAF24792D68630646
:104A50000AD02046FFF7EAFD00283FF412AF96F88F
:104A6000BA30002B3FF40DAF2946204605F0E8FD93
:104A700000236B70F2E6012B08D0032B7FF401AF0B
:104A80006388002B7FF4FDAE012103E061880029DB
:104A90007FF4F7AEA088FFF751FE00287FF4E3AE65
:104AA000EFE600BF000E0020BA0E002002282960A9
:104AB0007FF4F4AE4B883B60D5E694F90000627851
:104AC0000028BFF671AF002A3FF466AF0A2A7FF4D0
:104AD000D8AE2A78002A3FF4D4AE697804297FF44E
:104AE00061AFA9788B427FF45DAF072B8EBF0023A7
:104AF0009B1993F8BB308CF80030D4E613B5164CF4
:104B0000237DF3B9E26801AB8020A168019205F032
:104B10009EFB019AA3681344A360E3689B1AE360B9
:104B20006BB962B12369E2889A4208DD94F8C82023
:104B300093FBF2F102FB11330BB90123237502B091
:104B400010BD002380201A461946237502B0BDE827
:104B5000104001F0E9BA00BF000E0020002330B57C
:104B600085B002460D460193002858D1002935D161
:104B700008220B460DEB020105F06FFD002804DA58
:104B8000802001F06DFA05B030BD2A4C029AC4E9CC
:104B900003552260039ABDF80E30626004F13802BA
:104BA000A2609DF908202575002A0ADB802B04D914
:104BB000802001F055FA0020E3E713B1C4E9033384
:104BC000E1E7FFF74FFD0028DAD0E28823699A4237
:104BD000D4BFE260E360FFF791FFD4E7154C01AB6F
:104BE000D4E90215002D04DC05F037FD0028CADAEF
:104BF000C6E72A4605F031FD0028D9DB019AA368F3
:104C00001344A360E3689B1AE360002BBBD104F15B
:104C10003803A360FFF726FD0028DCD1B0E7802829
:104C2000B1D1044BDA68002AD5D11B7D002BD2D13B
:104C3000A9E700BF000E0020054B064A58629A62A1
:104C4000054A0020DA62054A1A63054A9A617047EC
:104C5000000E00201148000815450008B545000861
:104C6000554500082DE9F3410446474D4FF0FF3309
:104C70004FF0FF32454803F0B3F995F8B830002BF8
:104C80007BD16B6A83B142482C62E8616E6A01F0A5
:104C900053F901F0E9F8041E10DA3C4803F018FA61
:104CA000204602B0BDE8F08100F0BEF8FFF7C4FF77
:104CB0006B6A002BE7D14FF0FF34EEE700F018FBF2
:104CC000041EEADB7378012B5AD1F379002B57D0FD
:104CD0000026684685F8C830ADF802308DF80460CB
:104CE0008DF8006001F06EF9041ED6DB802768465F
:104CF0008DF8007001F066F9041ECEDB30462549C0
:104D000005F084FC041EC8DB3846224905F07EFC11
:104D1000041EC2DB204CDFF8848044451AD30020F7
:104D200001F0CAF9041EB8DBD5F8C430802043F086
:104D30000103C5F8C43001F0BFF9041EADDBD5F89E
:104D4000C430002443F48033C5F8C430012385F80F
:104D5000B830A2E70026276A227FF3B29A4201D830
:104D60002434DAE707EBC30257F83310107905F063
:104D70004DFC01360028EFD09DE76FF077048CE7FB
:104D80006FF0150489E700BF000E00206C010020C1
:104D9000914600085D4B0008440200206802002094
:104DA00030B51F4B8BB005AA03F1100514461868E7
:104DB0005968083303C4AB422246F7D11B7810224E
:104DC0002370002101A807F027FA122200211548BC
:104DD00007F022FA102101A801F04CFD00281BDD8C
:104DE0000828B8BF082001AB09381A1800200D495F
:104DF00012F8013F0AAC04EB131403F00F0328333D
:104E00006B4414F8144C13F8143C013008280C704F
:104E10004B7001F10201EBD102480BB030BD00BF75
:104E20003AD20008671800202DE9F04F714B87B087
:104E300093F800B0BBF1000F03D06F4807B0BDE896
:104E4000F08F6D4C00264FF0011AB0463546B14642
:104E500023783BB9694B02349C42F3D10123654A64
:104E60001370EAE76378052B1BD8DFE803F08C03A7
:104E7000C18C1D39402304A88DF810B0ADF8123054
:104E80008DF814B005F0CDFB40B1082304A8ADF8AF
:104E9000123005F0C6FB08B1ADF812B0BDF8123003
:104EA000E37123781C44D3E7E378002BF9D1A3788E
:104EB0006BB108F101085FFA88F8F2E76B689C4271
:104EC00007D024354E4B9D42F8D30020B6E74D4D18
:104ED000F8E7AB68002BECD0414620469847E8E75E
:104EE000002DF2D000222B7F9A42EED2296AA078C0
:104EF00001EBC2010B79984201D00132F3E701279F
:104F0000E078FBB200F003008DF81400207994F8EB
:104F100005C040EA0C20ADF8120094F90200002808
:104F200026DA4FF0010C07F110000CFA00F010EA3D
:104F30000A0F24D143F080008DF8100004A8CDE9B9
:104F40000213019205F06DFBDDE90121039BB0B96D
:104F50009DF8102012F0800FA2700A714FF001022C
:104F60001DBF1033DBB29A40BA404AEA020A98E702
:104F70000120B84010EA0A0F01D11846DCE70137DA
:104F8000102FBDD1B9E7032E1AD1FFF709FF07464D
:104F900050B1FBF779FA024630B11028A8BF1022B1
:104FA0003946A01C07F02AF96FF002012378091B8B
:104FB000E21804EB5303D14213D50136F6B270E781
:104FC000002EF1D1B9F1000F3FF47FAFA4EB09033C
:104FD00089F80230C3F3072389F8033089F8048085
:104FE000EBE702F801BC13F8010902F8020DE2E751
:104FF000A14656E7661800208001002043020020E9
:105000006802002044020020094B00211A4610B516
:105010001C78844204D15C6814B102EB811010BD8D
:105020000131042903F14003F2D10020F7E700BF6A
:10503000CC0E00202DE9F34150F8283C04461033F3
:1050400010F82C6C0AD1036950F8202C980736D53B
:10505000D2B9590715D5002344F8283C54F8283C08
:1050600010330BD054E9077554F8148C06F0F3FE96
:1050700000284FD021462E4806F0D1FE02B0BDE8F0
:10508000F08143F004032361304654F8241C01AB43
:1050900005F0DDF810B16FF01503DDE7019A54F863
:1050A000243C134444F8243C54F8203C9B1A44F814
:1050B000203C54F81C3C134444F81C3CCEE73046DA
:1050C00054F8241C01AB01F081F80028E3D1019DC4
:1050D00054F8243C2B4444F8243C54F8203C5B1BFB
:1050E00044F8203C54F81C3C2B4444F81C3C002D54
:1050F000B1D0304605F0BFFAB5FBF0F303FB105515
:10510000002DA8D154F8203C002BA4D0304601F04B
:105110008BF8A3E744F8180CA4F1100003F014F87E
:10512000002DABD0424639463046A847A6E700BF1F
:10513000400B00204B1E012B73B506460D460FD8C1
:10514000FFF762FF044668B9012D09D101AB0122C6
:1051500030460DF1030101F039F8019B002BF5D128
:1051600002B070BD06F077FE04F12C0108B1012DEC
:1051700005D1084602B0BDE87040FFF75BBF0348A9
:1051800002B0BDE8704006F04ABE00BF400B0020F0
:105190002DE9F74F064615469846019105F09DF812
:1051A000044600285BD1EFF3118A102383F31288A1
:1051B000BFF36F8FDFF8ACB000220023584602F037
:1051C000E7FF70B9DFF8A090A70109EB84146368CA
:1051D00013F1100F14D10193584602F0B5FF019B53
:1051E00006E00134042C0BF1400BE5D16FF00B030A
:1051F0008AF31188BFF36F8F184603B0BDE8F08FB4
:10520000019B2061C4E902350C9B304663610D9B14
:1052100009F80760A3616FF00F03C4F83C80636076
:1052200005F029FA58B1304605F025FAB5FBF0F340
:1052300003FB10551DB1E36B43F00403E36318F067
:10524000020F07D007F12C010848494406F0E7FD9A
:105250000023CDE7304600F0E7FF0346C8E76FF0D4
:105260000F03C9E7E80E0020CC0E0020400B002001
:1052700010B5EFF31184102383F31288BFF36F8FFF
:10528000FFF7C2FE50B14368103307D16FF08B03B4
:1052900000F12C014360044806F0C1FD84F311883D
:1052A000BFF36F8F10BD00BF400B0020F8B5042581
:1052B00010270D4CEFF3118687F31288BFF36F8F21
:1052C0006368103307D16FF08B030848636004F103
:1052D0002C0106F0A4FD86F31188BFF36F8F013D0A
:1052E00004F14004E6D1F8BDCC0E0020400B0020B4
:1052F00070B50025094C0A4E3146204606F073FD74
:105300000122A4F110001146013506F030FD042DF4
:1053100004F14004F0D1002070BD00BFF80E002061
:105320003550000870B504460E46017915481546FB
:1053300004F0B0FF10B394F900206378002A16DB64
:10534000202B04D0222B0ED06FF085000AE02B68B2
:105350001A6840F8102C9A8820F80C2C9B7900F8D9
:105360000A3C002070BD638800F8093CF9E7212B56
:10537000EAD10723103828603360F2E76FF012009B
:10538000F0E700BFCC0F0020014608B5034804F049
:105390008EFF10B1012300F8073C08BDCC0F0020A0
:1053A0000123016981F84B300B6833B191F8493022
:1053B0001BB10248083106F032BD7047400B002097
:1053C0000123016981F84A300B6833B191F8483004
:1053D0001BB10248083106F022BD7047400B002087
:1053E000012370B582F8483013680D4614463BB16E
:1053F00092F84A3023B10E4802F1080106F00FFD81
:10540000D4F890301A699B689A4205D17DB904F1AD
:1054100018014FF47A7204E004F11801002DF8D05D
:105420000022BDE870400023014803F00BB870BDB6
:10543000400B002070B5056995F89E00E0B195F825
:105440009F30D3B985F84830EFF31186102383F3EA
:105450001288BFF36F8FD5F8900004F078FE0446F1
:1054600086F31188BFF36F8F00220023044805F1F3
:10547000180102F0E7FF204670BD0020FCE700BFE6
:10548000400B0020002103460C4AA0F84810106889
:1054900083F89C10C3F8940090889279A3F8980040
:1054A00083F89A2083F89B104022A3F89E1083F87B
:1054B000A01003F14C0006F0AFBE00BF38C60008D4
:1054C000F0B5D0F88C3004465B6885B01B6A1F7D50
:1054D000384604F002FF0646F8B994F88630E3B186
:1054E0004FF48062A06F03A904F050FE0546A0B1FE
:1054F0008306A4F1180384F830600193084B08BFB9
:1055000000F1FF35039900932A4602233846FFF73E
:105510003FFE2946A06F04F055FE05B0F0BD00BF68
:10552000E1530008002310B50469C4F8A8300C4BFF
:10553000C4F8A400596804F1A80269B9C3E90022BB
:1055400004F10800074906F04EFC04F11800064972
:1055500006F075FC002010BD0A605A60F0E700BF3D
:10556000CC0F002005A30008C154000830B54FF44B
:1055700000334268056942F2A10085B0CDE901031C
:10558000002385F89D30106AADF80C100A220079CE
:1055900001A904F05CFE054C95F89D3023B901206B
:1055A00006F090FB013CF7D105B030BDA1860100AB
:1055B000002373B5102504698DF8071084F848306E
:1055C000EFF3118685F31288BFF36F8F0122D4F8B1
:1055D00090000DF1070104F0BAFD86F31188BFF3C6
:1055E0006F8F01280AD006F036FC10B994F8A1306C
:1055F0006BB9094B1A780AB901221A700A220023E2
:1056000004F11801054802F01DFF02B070BD002131
:105610000A2003F027FAD3E779180020400B002076
:1056200037B514460A1E054620DDD4F88C0004F177
:105630004C0104F08CFD012384F8493023683BB110
:1056400094F84B3023B1114804F1080106F0E7FB50
:10565000D4F88C104B684A699A1ACB699B1A3F2B75
:1056600004D8012384F8A03003B030BD94F89E30F4
:10567000002BF9D0064B40220093284601230194C9
:1056800004F14C01FFF784FDEEE700BF400B002062
:1056900021560008F7B50D4601461D4804F0EFFD00
:1056A000044610B3064656F8A439691E5F680529FA
:1056B0001BD8DFE801F01C1A031C222610F8061C78
:1056C00099B9012300F8063C3B6A3246187BFFF784
:1056D000A7FF14F85C2C42B93B6A1146187D0D4BAC
:1056E000019600930223FFF753FD03B0F0BD30464F
:1056F00003B0BDE8F040FFF7C5BE012304F8053C48
:10570000F3E710F8053C002BEFD00023F6E700BFCD
:10571000CC0F0020E153000837B50024084D4FF0AE
:10572000FF334FF4806228460649009402F04CFE95
:105730000549284606F095FB204603B030BD00BF62
:10574000400B0020801C002059D2000808B5034BF4
:105750001B689847BDE8084000F026B80C010020FF
:1057600030BFFFF7FDBF00BF2DE9F04105460B4EEE
:10577000DFF82C80324606EB0807CC1B204609498F
:1057800006F03CFDA01942460021083C06F044FD0D
:105790006C6607F10800BDE8F08100BF0000000062
:1057A00008000000E8C50008074A936893F90E1046
:1057B000002907DB526993421FBF044A536843F034
:1057C00080535360704700BF2C18002000ED00E0AC
:1057D000134B9A6A12F0007F9A6A14BF1E201D2094
:1057E00012F0807F9A6A18BF1F2012F4002F9A6A65
:1057F00018BF212012F4802F9A6A18BF222012F4B9
:10580000003F9A6A18BF232012F4803F9A6A18BF9B
:1058100024206FEA02426FEA12429A62704700BF88
:1058200000ED00E010B5164B9A6A9C6A12F4805F96
:1058300014BF1722162214F4006F9C6A18BF182296
:10584000A40509D59A6B9A6A120404D518B19A6A0C
:1058500022F400429A621922094B986A10F4806F70
:10586000986A18BF1A2210F4807F986A40F47F402B
:1058700098624FF000030CBF10461B200B7010BD48
:1058800000ED00E010B5154B0246986A9C6A10F0D6
:10589000100F14BF1120102014F0080F9C6A18BFBD
:1058A0001220A40709D5586B986A000604D51AB1CE
:1058B0009A6A22F080029A621320084B9A6A12F0C8
:1058C000010F9A6A18BF1420D20658BF9A6A9A6AC2
:1058D00042F0FF029A6200230B7010BD00ED00E061
:1058E000F0B5474B04465B6800258BB0C3F3080353
:1058F00085F31188BFF36F8F02F07F40B0F17F4FC7
:1059000011D102F00C0008280DD010074CBF0C4636
:1059100001250022033B8DF80720032B05D8DFE883
:1059200003F02462665F2C46F3E700239DF807200E
:10593000CAB902AE04F12007324620686168083413
:1059400003C2BC421646F7D1099A002D53D0C2F3C8
:10595000080121B96FEA52226FEA422209921846E1
:1059600002A904F0E3FD0BB0F0BD254BDA6A910704
:10597000DBD4DA6A002AD8DBDA6A5200D5D55A6954
:10598000A16942F480725A61BFF34F8FBFF36F8FEA
:105990005A6931F8021C22F480725A61BFF34F8FAA
:1059A000BFF36F8F4DF60272914209D09A6AD2B25C
:1059B00042B101200DF10701FFF764FF0346B5E78F
:1059C0002368B3E79A6A12F47F4F05D001200DF1E6
:1059D0000701FFF727FFF1E79B6AB3F5803FA4D3E8
:1059E000FFF7F6FEEAE700200DF10701E4E70020EB
:1059F0000DF10701EDE722F4FF7222F00102ADE79D
:105A000000ED00E0024A536943F010035361704710
:105A100000ED00E0EFF30880EFF3098101B5724675
:105A2000FFF75EFF01BD00BF102080F3118808481A
:105A30004FF40061401880F30988EFF314800221CD
:105A4000084380F31488BFF36F8F00F0B3F80000B1
:105A500080200020084B9B6883420BD1EFF3058325
:105A600043B1064B5A6842F080525A605A6A22F497
:105A700000425A6206F0ADBA2C18002000ED00E09A
:105A80006FF00A01084A9368D966084998664B681E
:105A900043F080534B60002383F31188BFF36F8F73
:105AA0009368D86E704700BF2C18002000ED00E00E
:105AB000EFF31183102383F31288BFF36F8F4FF03E
:105AC0000061084A53699360074A5160596E074A5A
:105AD000116000219A6E996682F31188BFF36F8F6F
:105AE000704700BF2C18002000ED00E0D40F00200C
:105AF0000B498A684FF030001044EFF3098C80E8BE
:105B0000F01F74467046FFF7D3FFA64604498A6823
:105B100002F1300090E8F01F8CF309887047000014
:105B20002C1800201EF0040F0CBFEFF30880EFF3D9
:105B30000980816911F8021C0229FFD001B504F027
:105B4000FBFC01BD40B2002807DB01234109034AE9
:105B500000F01F00834042F82130704700E100E070
:105B600040B200280CDB01220649430900F01F0067
:105B70008240203341F82320BFF34F8FBFF36F8F54
:105B8000704700BF00E100E040B2002801F10101D0
:105B9000ACBF00F16040064B4FEA0111C9B2ABBF88
:105BA00000F5614000F00F0080F8001319547047B1
:105BB00014ED00E008B5094B094A23F0604323F0D7
:105BC0007F039360BFF34F8FBFF36F8F02F062F9D3
:105BD00003F004F800F048F802F09CF90000000817
:105BE00000ED00E042F8203C009B0B4942F81C3CD1
:105BF000019B21F0010142F8183C029B42F8081C6D
:105C000042F8143C4FF0807342F8043C0023203AE1
:105C100002658366704700BFAD44000800B50B4BBA
:105C20000E469860416E0A4B154619602C4686F365
:105C300009884FF00000074B984720464FF00001BD
:105C40004FF000024FF00003034C20472C180020B7
:105C5000D40F002049A50008AD4400081022014BD4
:105C60001A61704700ED00E0002310210348C218BC
:105C700001332B2B82F80013F9D1704700E100E0CB
:105C800008B5EFF30583064A103B02EBC30152F857
:105C9000330049688847BDE80840FFF785BD00BF6D
:105CA00060C4000808B5024B1B689847002008BD77
:105CB000D80F0020034B044A1860937843F0020386
:105CC00093707047D80F00201001002008B50649D6
:105CD000064821F00701C1F1005202F5A04204F08C
:105CE000C5F9002008BD00BF87450020DC0F00205B
:105CF0002DE9F041054600244FF001080D4E0E4FEE
:105D00002B78E2B298181F280DDC726908FA00F3AC
:105D100033EA020207D1736157F830301BB107EB49
:105D2000C002516898476A780134E3B29A42E7D2D8
:105D3000BDE8F08100040140E80F0020044B184446
:105D400000230133994200F8012BFADC704700BFB1
:105D50004401002010B4064B0246185601230549A1
:105D600093400C6823430B6010BCFFF7EBBE00BFF1
:105D700044010020000401401F2806DC01220349E1
:105D800082400B6823EA02030B6070470004014065
:105D900003292AD8DFE801F0020E141F0122134B59
:105DA0008240996821EA02019960D96821EA0202D9
:105DB000DA60704701220D4B824099681143F3E786
:105DC00001220A4B8240D9681143D960996821EABF
:105DD00002029A607047012303FA00F0034B9A68AD
:105DE00002439A60DA681043D860704700040140AB
:105DF00030B50A4B53F830408C4204D103EBC00558
:105E00006D68954205D034B943F8301003EBC003F8
:105E10005A60002030BD6FF00F00FBE7E80F002054
:105E20000022034B43F8302003EBC0035A60704755
:105E3000E80F002020F08002072A0BDC064B10F050
:105E4000800F03F590710CBF18460846242303FB0E
:105E500002007047002070475C130020014801F0E9
:105E6000ABB800BF6810002037B52E4C204605F0B7
:105E700038FF002853D0A36820461B682A4998475A
:105E8000054618B16FF0040003B030BD274C284B15
:105E90000822236002230146C4E90123C4E9030365
:105EA000A06101AA234804F008FF0028ECDB019B55
:105EB0002A461979186800F0F9FC0028E4DB20462E
:105EC00005F0DAF80028DDD1204605F060F9002859
:105ED000D8D1204605F042F905460028D2D140230A
:105EE00084F8F802A4F8F432A4F8143484F81804FE
:105EF000C4F8343704F5856401226019114624354D
:105F000005F035FFB5F5907FF6D10022142011463B
:105F1000FFF73AFE1420FFF715FE0020B4E76FF0FC
:105F20001200B1E784C3000834C7000868100020DD
:105F3000005C004014C70008014BC3F8F002704732
:105F400068100020014608B5044805F03AF9002819
:105F500014BF6FF00400002008BD00BF68100020CF
:105F600008B513460206014605D5802800D12BB19D
:105F70006FF0150010E0402B28BF402321F0800275
:105F80000648920102F23452024405F087F90028D3
:105F900014BF6FF00400002008BD00BF681000208F
:105FA000030610B50C4607D431B10146044805F08C
:105FB0008CF92060002010BD6FF01500FBE700BFDA
:105FC00068100020F8B5077804463846FFF732FF1E
:105FD000054670B160886B88227983422CD21F4EAF
:105FE000012AD6F8343707D103EB4001B1F5007F21
:105FF00011D36FF01500F8BD1844B0F5007FF8D24A
:1060000000223946304605F0E8F962886A80D6F801
:10601000343713440EE0184403EB0043394630464E
:1060200005F0DBF963885B006B806288D6F8343753
:1060300003EB4203C6F8343722796388012A04BF90
:106040005B009BB22B802379032BD2D8DFE803F0CF
:106050000202020200202B71CDE700BF6810002071
:1060600038B50546FFF7E6FE044638B1294606482E
:1060700005F04DF928B90123637138BD6FF01500A3
:10608000FBE76FF00400F8E76810002038B505461C
:10609000FFF7D0FE044638B12946064805F06BF9F3
:1060A00028B96071E06038BD6FF01500FBE76FF054
:1060B0000400F8E76810002070B50446FFF7BAFE48
:1060C0000546A0B10D4E037902882146304605F001
:1060D0008CF878B963B2002B0BDD06EB84112046F7
:1060E0002A8801F23451BDE87040FFF739BF6FF0E4
:1060F000150070BD6FF00400FBE700BF68100020C2
:1061000010B50446FFF796FE48B12146054805F054
:106110009CF8002814BF6FF00400002010BD6FF041
:106120001500FBE7681000202DE9F8430646894674
:1061300015469846FFF77EFE00283ED033063CD534
:1061400000F1140700220023384602F021F804462B
:10615000B0BB05F080FE10B91420FFF701FD802EC2
:1061600002D1402D28BF40254A462B4631461648CD
:1061700005F0B3F8024658B1384601F0E5FF05F0E6
:106180006AFE10B91420FFF7DDFC6FF0040411E083
:10619000802E04D11DB101463046FFF7E1FE05F027
:1061A0005AFE10B91420FFF7CDFCB8F1000F01D052
:1061B000C8F800502046BDE8F8836FF01504F9E7F1
:1061C0006FF00A04F6E700BF681000202DE9F843DD
:1061D0000446884691461F46FFF72CFE0546F0B15F
:1061E0002306C6681BD4B8F1000F13D04E4528BF54
:1061F0004E460369A4010B4904F234541C44324650
:106200004046214405F0FAFFEB689B1BEB602B69CD
:1062100033442B6107B13E600020BDE8F8836FF086
:106220001500FAE76810002010B50446FFF702FEDB
:1062300068B123060BD4C3680BB1002010BD05491B
:10624000028801EB84112046FFF78AFEF5E76FF024
:106250001500F3E79C15002070B500234022802133
:106260000E4804F0C2FF0023402219460B4804F0F8
:10627000BCFF0024094D05F585663019243401F072
:1062800063FFB4F5907FF8D1D5F8F03223B1BDE8C3
:10629000704000210120184770BD00BF6810002029
:1062A000034BD3F8F03213B1002105201847704793
:1062B00068100020034BD3F8F03213B10021062000
:1062C000184770476810002070B5082300250E4C51
:1062D000C4E9C035D4E9AC01D4F8FC3204F2345638
:1062E00086E803007BB1294628469847B4F8B622D1
:1062F0004AB194F9B032AB4205DB31462846BDE8DD
:106300007040FFF72DBE70BD681000200D4B18685F
:106310000B68052B14D008D8012B03D0023B022BAD
:1063200009D80020106000207047182BFAD01C2BD1
:1063300004D0142BF6D06FF0850070474008F1E7C9
:106340000148EFE73801002000127A00F8B5364F17
:1063500004F033FA384604F02FFA00F007FE334C0D
:10636000334A63681578C3F30313D35C47FA05F522
:1063700020FA03F6AE4202D2284601F0D5FC23688B
:1063800023F480232360236843F48033236023684D
:106390009803FCD5636803F00C03082B15D1236820
:1063A000990706D4236843F00103236023689A0702
:1063B000FCD5636823F003036360636813F00C0F7C
:1063C000FBD1636823F0F0036360236823F08073DC
:1063D000236000F031F8236843F080732360236862
:1063E0009B01FCD5636823F0F0036360636823F0CE
:1063F000030343F002036360636803F00C03082B9C
:10640000FAD1AE4202D3284601F08EFC094B00209F
:106410001F60636823F4E06343F480636360636830
:1064200023F460536360F8BD00A24A0400100240E8
:106430000AD3000838010020054A536823F47C136E
:1064400043F4E8135360536823F4800353607047A8
:106450000010024008B5074805F043FC38B1064873
:10646000FFF728FC0448FEF71BF8002008BD6FF07A
:106470001200FBE724C400087D6400080A2838B530
:106480000446074D04D1AB680D2128465B68984748
:10649000AB6803485B68E1B29847204638BD00BF4F
:1064A00024C4000838B5064B456853F821302869E4
:1064B0000C4698470020EB6843F8340038BD00BF15
:1064C000C8C7000801232DE9F04146688B400269E6
:1064D000376905460C46DB43BFF35B8F0C3252E84D
:1064E000000F184042E800010029F8D1BFF35B8F8C
:1064F0000E4B384653F8243098470022F36853F87F
:10650000346003EBC40843F834206EB1084B3846BE
:1065100053F824309847B4460246D8F80430284649
:10652000E1B2BDE8F0416047BDE8F081C8C70008AE
:10653000E8C700082DE9F04F0D4641685468CB6864
:1065400009698046C96A85B08C4203EBC50000F238
:106550009E8053F83510002940F09C80116843F864
:10656000351093684360D2F80CA0D8F80430546812
:1065700001930AF001030293019BD8F810901F6960
:10658000464B384653F82530FE6AD7F824B0984772
:10659000434B594653F82520384603929047414BC8
:1065A000384653F8253098470AF00101039A731CC6
:1065B000002940D0D9F80810CAF3400AA6EB010917
:1065C0002146384603939047D8F80410039B0A6984
:1065D0001E42526A04F1FF3447D1A41A3440A14547
:1065E0004ED2029B002B14BF6FF03D000020BAF189
:1065F000000F40D00122D8F81030BFF35B8F02FAB1
:1066000005F50C3353E8006F2E4343E80064002C7B
:10661000F8D1BFF35B8F91F92430002B08DB5909C7
:1066200003F01F039A4001F140031F4941F8232062
:1066300005B0BDE8F08F4FEA56094C4532BF4FF028
:10664000010A4FF0000AB146334204D104EB0B01BA
:1066500001EA0604B4E7A6EB0B00844285BF04F10F
:10666000FF345C445C44A41BAAE7944236BF9B1AE7
:10667000A41AE418B3E7019BDB6843F835A0D7E719
:106680000A4B384653F8253098470020D0E76FF082
:106690001500CDE76FF00F00CAE700BFE8C700089C
:1066A000F8C70008B8C7000800E100E0D8C7000834
:1066B0002DE9F047DFF8A4A04468DAF8089004F167
:1066C00018080769054641465046D9F8003086B09B
:1066D00026699847002808DB504605F002FBD8B130
:1066E000D9F80C3023B96FF0570006B0BDE8F08739
:1066F0004146504601AA98470028F6DBA269019B53
:106700001C2A626908BF5B000132B3FBF2F33B61F4
:10671000A06A05F0E6FA10B96FF01200E5E7D4E9D7
:106720000A018368DB6803B19847236A28469847C3
:1067300001A804F06CFE6369ADF8043000230293F5
:106740006A683046126801A9CDE9032301F042F9D5
:10675000002814BF6FF004000020C6E784C30008BF
:1067600038B5036904465860084D284605F0B9FA63
:1067700040B16168AB6828461B680C31984700EA55
:10678000E07038BD6FF01200FBE700BF84C3000863
:1067900070B50C461146B1F5001F1E4645680269EA
:1067A00023D10F2304F0030204329200934043EA02
:1067B00094032E49DAB2023251F82220190C02EA6F
:1067C000134391FAA1F2B2FA82F2D340AA689A4234
:1067D00009D12046FFF7D0FA2046FFF721FB002120
:1067E0002046FFF7D5FA002070BDB1F5800F34D0F8
:1067F00020461F49FFF7FCFA90BBB6F1806F28D006
:10680000B6F1C06F27D0B6F1007F2CD102210F2244
:1068100004F0030304339B009A4042EA9402D3B28B
:106820009B0003F1804303F580339E68A86826EA45
:106830001246150C95FAA5F2B2FA82F200FA02F2AB
:10684000324320469A60FFF7A3FA2046FFF782FA08
:10685000C9E70121DBE70321D9E76FF08500C3E732
:106860006FF00F00C0E76FF01500BDE700000140BA
:1068700047AB00080C291FB528BF0C210C460A4B5A
:10688000D3F8F02712BA0192D3F8EC2712BA029289
:10689000D3F8E8370A461BBA01A9039305F0AEFC0A
:1068A000204604B010BD00BF00F0FF1F2DE9F347E4
:1068B00003680446C3F38F25C3F38923FBB1012288
:1068C0008A4223D3324A15F0010F906940F001004B
:1068D000906192694FEA132002F001020192019A3D
:1068E0002C4AC3F3440300FA03F009BF5368D36989
:1068F000034343F0E06316BF03435360D361264F65
:1069000004EBC106A64209D1002019E054F8320078
:10691000C0F38920984238D10132D1E7D4E900256B
:1069200012F003090FD145F04105C2F3870AC2F303
:10693000831257F82280B8F1000F15D16FF01200C2
:1069400002B0BDE8F087B9F1020FEED0B9F1010F46
:1069500007D115F4C07F0CBF45F0020545F00405D2
:10696000E3E745F00105E0E7404605F0BAF9002805
:10697000E4D04B462A4640460AF00F0104F088F95D
:10698000002804F10804BDDADAE76FF01500D7E754
:10699000001002400000014090C8000843681B68D6
:1069A00003F1140252E8002F42F0010203F1140037
:1069B00040E800210029F3D10D4A934207D0A2F507
:1069C0007442934203D002F58062934203D11A6964
:1069D00042F040021A6103F10C0252E8002F42F427
:1069E000807203F10C0040E800210029F3D17047C8
:1069F0000038014043681B6803F1140252E8002F7D
:106A000022F0010203F1140040E800210029F3D133
:106A10000D4A934207D0A2F57442934203D002F587
:106A20008062934203D11A6922F040021A6103F195
:106A30000C0252E8002F22F4807203F10C0040E8AF
:106A400000210029F3D1704700380140F8B50C4609
:106A5000036941685E682379012B33D09A1E554241
:106A60005541AD026279022A96BF354F4FF4005C62
:106A700037F812C0A279042A27D0003B18BF01239F
:106A80001B03E279012A0A680CBF4FF44077002704
:106A9000A642D1681CD121F4B05129430B43D360E5
:106AA000136923F4405343EA0C03136143681A68E3
:106AB000536923F440733B4353613168BDE8F840A8
:106AC00004F04FB94FF4C065CCE74FF48053D8E7DA
:106AD00001F4C0618D421FBFD16821F4C061294318
:106AE000D160426811680A6902F4405294451FBFA0
:106AF0000A6922F4405242EA0C020A6142681168B3
:106B0000CA6802F4805293421FBFCA6822F48052BE
:106B10001343CB6043681A68536903F440739F4280
:106B20001FBF536923F440733B43536121683368AB
:106B3000994203D004F015F923683360F8BD00BF13
:106B4000A0C900082DE9F0410C464368A6791D68EC
:106B50000369D3F804800B794979012B33D10229D9
:106B60004CD9042E47D04FF480574FF4C062032312
:106B70008B4240D1002F79D0002A14BF0322042277
:106B8000B24238D1E37963B1012B34D13A4B9D4203
:106B900007D0A3F574439D4203D003F580639D4263
:106BA00029D1EB68214623F40053EB60FFF74EFF39
:106BB000EB6843F40053EB6094E8030088E80300BB
:106BC0000020BDE8F081022B08D1022921D9042E32
:106BD00011D04FF480624FF48057C8E702290A466B
:106BE0001FD9042E04D133B94FF480571A46BEE79B
:106BF00063BB0329C4D06FF08500E2E71F4A042E6F
:106C000032F811C0F7D04FF4C062033B012B10D80B
:106C1000F1E71A4A042E32F811C0ECD04FF480622A
:106C2000F3E7164A042E32F811C016D1002BE2D138
:106C30001A464FF48057BCF5805F13D0BCF5405F17
:106C400012D0BCF1000F92D1012391E7033B012B3D
:106C5000D1D90022BFE70022D7E7002BFBD11A468B
:106C60001F46E8E7002383E7022381E7002A14BFD9
:106C70000222032284E700BF00380140A0C90008B7
:106C80002DE9F3410446476805692948286005F065
:106C900028F820B96FF0120002B0BDE8F081286832
:106CA000F96883681B6898470028F5DB0021386A7B
:106CB00001AA04F002F80028EEDB019B00221979FA
:106CC0001868FFF7F3FD0028E6DB6668236935687E
:106CD000D3F80480EB6823F40053EB60706805F090
:106CE00000F80028D6D0D6E901018368DB6803B13B
:106CF000984705F10C0353E8003F43F00C0305F1FE
:106D00000C0141E80032002AF3D141462046FFF74A
:106D10009DFE337D1BB16B6943F008036B61EB682B
:106D2000204643F40053EB607B6A98470020B3E7AA
:106D300084C300084FF0E02310B50F499C691A691D
:106D400008689B690D4902F4803234B993B903464F
:106D50004AB90A681044C01A10BD002B08BF034688
:106D60000AB9A342F5D90A6802440A604FF0E0224A
:106D70001269EEE70446F3E72818002024180020E3
:106D800010220A4B002083F823204FF4E152084BD5
:106D90001A60084B41F61F4218604FF0E0235A6119
:106DA00098611A6942F007021A61704700ED00E02D
:106DB000281800202418002010B5FFF7BBFF104949
:106DC000104B0868D3E90042001942F10002C3E900
:106DD000000200230B604FF4E1530B4AD2E900415B
:106DE000001BB0FBF3F043431B1941F10001C2E962
:106DF000003101F0CDFFBDE81040FEF7D5BC00BF6B
:106E000024180020D80B0020D00B00202DE9F041E1
:106E1000DFF8E08099B1421C0BD14FF0E0221369FA
:106E200023F0010313614FF07F43C8F80030BDE841
:106E3000F081D8F80060012807DC00270BE0431C34
:106E4000D8F80060F7D140F6191040F61A139842AE
:106E5000A8BF1846471EEFF31185102383F312884D
:106E6000BFF36F8FFFF766FF4FF0E023224C996965
:106E7000D4E9002380184FF0000243F10003C4E975
:106E800000031E4B1A601E4B1A68831A2ED44FF44F
:106E9000E15C0CFB073303F5E0531F33B3FBFCF756
:106EA000131A0CFB0733B3F5806F38BF4FF48063C0
:106EB000144A934228BF13464FF0E022C8F800302E
:106EC000013B90695361002381429361A1EB000370
:106ED00038BF9B19D4E900125B1842F10002C4E9E3
:106EE000003285F31188BFF36F8FA0E74FF4806302
:106EF000E2E700BF28180020D80B0020241800204B
:106F0000D00B002020DFFF0038B5EFF311851023F0
:106F100083F31288BFF36F8F084B1C68084B1B6804
:106F2000E41AFFF707FF85F31188BFF36F8F4FF463
:106F3000E1532044B0FBF3F038BD00BFD80B002074
:106F4000D00B002038B5EFF31185102383F312889E
:106F5000BFF36F8F044B1C68FFF7ECFE85F31188BD
:106F6000BFF36F8F204438BDD80B00200D4A536803
:106F700003F00C01082912D10B48C3F38341DB0352
:106F8000405C09D55368094AC3F340435043084A5B
:106F9000D35CB0FBF3F07047064B5843704703488F
:106FA000704700BF001002401CD3000800127A0096
:106FB0001AD3000800093D002DE9F04F044685B0C2
:106FC000006804F0B1FB10F4004500F052844FF06B
:106FD0002808DFF808922068B0F84430190402D479
:106FE00005B0BDE8F08FB0F84460B1B216F00F06FE
:106FF00040F0C88011F010012CD103889BB203EA45
:10700000090343F400430380226894F82800B2F88F
:1070100050309BB203EBC00302EB4302B2F80434DE
:10702000E26BC3F309031A4463642046E26303F08E
:1070300041FB94F82430002BCDD0226C2168002A2B
:10704000C9D194F8243043F08003A1F84C3084F87F
:107050002420C0E70588ABB215F4006521D0B0F854
:10706000503094F868219BB203EBC20300EB43035A
:10707000B3F80C34B4F86E21C3F30903C4F88431B7
:1070800004F52C7104F002FE22682046138823F0D8
:1070900070031B051B0D43F080031380FFF714F9E9
:1070A00099E71E0497D5038823F070031B051B0D79
:1070B00043F080030380206894F86821B0F85030D2
:1070C0009BB203EBC20300EB4303B3F80C34C3F3EE
:1070D0000903C4F884318BB1D4F87C1171B1B4F8D0
:1070E0006E2104F0D3FDD4F87C31D4F884212946F4
:1070F00013442046C4F87C3103F0C6FA236819888B
:107100008AB209053FF567AF02F44052B2F5405F1D
:107110003FF461AFB3F8501003F20C4389B25A5AEE
:10712000C2F309025A52D4F878213E2A1ED95009D6
:10713000D7065A5A08BF00F1FF3092B242EA8022C5
:107140006FEA42426FEA524292B25A522268138860
:1071500023F4804323F070031B041B0C83F440537F
:1071600043F4004343F08003138034E70AB95A5ACA
:10717000E6E75008D6075A5A48BF013092B242EAB1
:107180008022E1E730F826301D049FB240F18A806A
:1071900030F8263008FB064123F070031B051B0D59
:1071A00043F0800320F8263091F874312068BBB991
:1071B000B0F8503091F868219BB2063303EBC2035C
:1071C00000EB4303B3F80054C5F30905002D4DD07F
:1071D0002B46B1F86E21D1F87C1145E00F8FFFFFEF
:1071E00091F86B3191F86821022B40F0E680B0F8FD
:1071F00050504FEAC20BADB217F4804ED1F8803137
:1072000000F5806A5D4407F0400C00F0978002357D
:107210003AF81550C5F309059D427BD85B1BC1F8B0
:107220008031002B79D0BCF1000F13D0282303FB51
:107230000643226893F8681132F8213023F4E043C2
:1072400023F070031B041B0C43F4004343F0C00302
:1072500022F8213055B128212B4601FB0641B1F817
:107260007021D1F87C11206804F010FD08FB06F1B4
:107270006318D3F884212A44C3F88421D3F87C21ED
:107280002A44C3F87C21D3F8802122B1D3F8783185
:107290009D4280F0C98008FB0643204693F86811A0
:1072A00003F0F2F9380622687FF595AE32F8263001
:1072B00008FB06459BB203EA090343F4004322F8A6
:1072C000263095F82B30012B40F0DA80002095F81D
:1072D00034302864002B00F0B98017F0400795F88F
:1072E000291095F8283000F0B780002940F0A380DD
:1072F00022681B01B2F8501002F2044289B20A441B
:10730000995AC1F309019952995A89B241F400413D
:1073100099529BE00023C1F8803130F8223023F4E9
:10732000804323F070031B041B0C83F4005343F4CD
:10733000004343F0800320F8223074E706353AF822
:107340001550C5F309059D4224D85B1BC1F8803157
:1073500013B3BCF1000F13D1282303FB06432268AB
:1073600093F8681132F8213023F4E04323F07003DE
:107370001B041B0C43F4004343F0C00322F82130EC
:10738000002D3FF473AF282101FB06412B46B1F8D5
:10739000722166E7C1F880E130F8223023F480439F
:1073A00023F070031B041B0C83F4005343F40043CD
:1073B00043F0800320F82230CBE730F8223023F46A
:1073C000E04323F070031B041B0C43F4004343F021
:1073D000C00320F82230206891F8683130F823206B
:1073E000DB0012F4804FB0F8502092B20ED002327F
:1073F000134400EB4303B3F80054C5F30905002D13
:107400003FF434AF2B46B1F87021E4E6134400EBAF
:107410004303B3F80C54C5F30905002D3FF426AF20
:107420002B46B1F87221D6E601F5B47120682144EB
:1074300004F090F936E7012908D122681B01B2F85F
:10744000501002F2044289B20A44985295F828106A
:10745000204603F02FF9BEE5226831B9B2F850108A
:107460001B0189B202F20C4249E70129EED1B2F8C0
:10747000501002F20C4289B21B010A449F52E5E708
:10748000206895F82810B0F850204FEAC10A92B24F
:1074900017F4807C2B6C00F5806E524417D10232B9
:1074A0003EF81220C2F309029A4202D3C5F840C046
:1074B000CEE79B1A2B64EB6B06FB08811344EB634E
:1074C0006B6C214413446B6404F044F983E517F0BA
:1074D000400C07F4804700F0E78002323EF81220AB
:1074E000C2F309029A4211D3002295F829302A6486
:1074F000BFB2002B54D0012B62D1B0F8503000F253
:1075000004409BB218440901425259E09B1A2B6473
:10751000002F40F09380282303FB064393F84C1080
:10752000012940F00481D96B9F6B1144D963596CD8
:1075300011445964996CB942C0F08F80C91B996499
:1075400095F829102268BBB2002940F09F80B2F85C
:10755000501095F8280089B202F2044200010A4452
:10756000815A3E2FC1F30901815240F28180F90610
:10757000815A4FEA571C08BF0CF1FF3C89B241EA1F
:107580008C216FEA41416FEA514189B28152282131
:1075900001FB06410A8EC96B206804F0CBF8C6E0F7
:1075A000B0F8503000F204409BB218440901435A2D
:1075B000C3F309034352435A9BB243F4004343527B
:1075C00095F82910236895F8282059BBB3F8501076
:1075D00003F20C4389B20B4411015A5AC2F3090257
:1075E0005A525A5A6FEA42426FEA524292B25A5281
:1075F000204695F8281003F05DF8002F00F09780E2
:1076000095F82810226832F8213023F4E04323F063
:1076100070031B041B0C43F4404343F0800322F827
:10762000213084E00129E3D1B3F8501003F20C4378
:1076300089B20B44002112019952D9E730F8213068
:1076400023F4E04323F070031B041B0C43F440437A
:1076500043F0800320F821305DE719B9174683F81D
:107660004C106DE700220F4683F84C209A6467E7C0
:107670000FB9815A85E7815A4FEA570CFF0748BF77
:107680000CF1010C89B241EA8C217EE701297FF4DB
:107690007EAFB2F8501002F2044289B20A4495F863
:1076A00028100901535272E706323EF81220C2F345
:1076B00009029A424FD9C5F840C0BFB295F82930A7
:1076C000002B40F09A80B0F8503000F204409BB29A
:1076D00018440901435AC3F309034352435A6FEA5A
:1076E00043436FEA53439BB2435295F829102368F2
:1076F00095F82820002940F08C80B3F8501003F250
:107700000C4389B20B4411015A5AC2F309025A526E
:107710005A5A6FEA42426FEA524292B25A52204695
:1077200095F8281002F0C6FF002F3FF469AF95F8D6
:107730002810226832F8213023F4E04323F040037C
:107740001B041B0C83F0300343F4004343F080031D
:1077500022F821303FE49B1A2B64BFB2002BADD03E
:107760006FB930F8213023F4E04323F070031B0499
:107770001B0C43F4404343F0800320F821302823BE
:1077800003FB064393F84C100129D0D1D96B986CB8
:107790001144D963596C11445964996B884244D39C
:1077A000401A986495F8290022688BB2002853D1BA
:1077B000B2F8500002F20C4280B2024495F8280060
:1077C0003E294FEA0010175AC7F30907175237D955
:1077D0004F09C906115A08BF07F1FF3789B241EABC
:1077E00087216FEA41416FEA514189B21152282243
:1077F00002FB0646728EF16BCEE6012B7FF475AF6D
:10780000B0F8503000F204409BB218440901002344
:107810006AE7012983D1B3F8501003F20C4389B20F
:107820000B4400211201995279E718B9114683F8E7
:107830004C00B7E7002201469A6483F84C20B1E778
:1078400009B9115ACDE74F08C907115A48BF013786
:1078500089B241EA8721C8E70128C8D1B2F850109F
:1078600002F20C4289B20A4495F8281009015352D9
:10787000BDE7420512D522682046B2F8443023F411
:1078800080631B041B0CA2F84430FEF7E5FC29467C
:10789000204605B0BDE8F04F03F093BC43040AD581
:1078A0002268B2F8443023F480431B041B0CA2F876
:1078B0004430FFF795BB870405D52268B2F8443001
:1078C00023F40053F1E710F480521AD022682046C6
:1078D000B2F8403023F004031B041B0CA2F8403024
:1078E0002268B2F8403023F008031B041B0CA2F8F6
:1078F0004030FEF7DFFC2268B2F8443023F48053B6
:10790000D3E706054DD56846216805460B4601F1CB
:10791000200633F8047B9E4225F8027BF9D1B1F8AA
:1079200040309BB243F00103A1F840302168B1F828
:10793000403023F001031B041B0CA1F840302168E8
:10794000B1F844305D05FBD5B1F8443023F48063D1
:107950001B041B0CA1F84430236830F8021B995219
:107960000432202AF8D122682046B2F840309BB277
:1079700043F00803A2F840302268B2F8443023F400
:1079800000631B041B0CA2F844302268B2F840309C
:107990009BB243F00403A2F84030FEF781FCFFF7EE
:1079A0001FBB82050DD522682046B2F8443023F46F
:1079B00000731B041B0CA2F8443003F001FCFFF71A
:1079C0000FBBC3057FF50CAB2268B2F8443023F43B
:1079D00080736AE7164A036890420AD0B0F1804F7C
:1079E00007D0A2F59432904203D002F58062904213
:1079F00017D14A6823F070031343CA6823F4407315
:107A0000134303608B68C3620B888362084B984200
:107A100001D10B690363436943F001034361002013
:107A2000704703608B68C3620B888362F3E700BF13
:107A3000002C014070B50C78034630F82420C8783B
:107A400022F4EC4222F070021204120C032803D834
:107A5000DFE800F0464D4B49012048F280052A43FB
:107A600023F824200C78AD4E33F8242092B2324013
:107A700022432A4323F824200A7B0C78002A40F072
:107A80009780CA8803EB04154C78520852008CB3D7
:107A9000B3F85040A4B22C44A4F800240C7833F876
:107AA0002420550609D533F8242092B2324042F4FE
:107AB000004242F0C00223F82420CA780C78012A40
:107AC00033F82420964992B202EA010218BF82F0EC
:107AD000200242F4004242F0800223F8242070BDCC
:107AE00042F40072B9E742F4C0620020B5E742F404
:107AF0008062FAE7B3F85040A4B22C44A4F80824FA
:107B00000A78B3F8505003EB0212ADB202F20C4205
:107B1000545BC4F3090454530C693E2C2FD96609F5
:107B2000E406545B08BF06F1FF36A4B244EA86249B
:107B30006FEA44446FEA5444A4B254530C7833F8C7
:107B4000242055040DD533F8242022F4E04222F0FD
:107B500070021204120C42F4404242F0800223F8F8
:107B6000242009786F4CB1B91A8892B2224082F46D
:107B7000405242F4004242F080021A80AFE70CB952
:107B8000545BD5E76608E407545B48BF0136A4B2EE
:107B900044EA8624D0E733F8212092B2224082F4CE
:107BA000005242F4004242F0800223F8212096E77E
:107BB000CA78022A33F8242065D192B2324042F4C6
:107BC000014242F0800223F824200A780C89B3F89D
:107BD000505003EB02126408ADB202F580626400FB
:107BE00054530A784C89B3F8505003EB02126408DE
:107BF00002F581626400ADB254534A780C78002AD1
:107C00004BD133F8242052040DD533F8242022F42C
:107C1000E04222F070021204120C42F4404242F0A0
:107C2000800223F824200C7833F8242056060DD542
:107C300033F8242022F4E04222F070021204120CE5
:107C400042F4004242F0C00223F8242048F28004AB
:107C50000D7833F8252022F4804222F070021204BD
:107C6000120C82F44052224323F82520097833F87D
:107C7000212022F4E04222F040021204120C1443AC
:107C800023F821402BE722F4E24222F07002120492
:107C9000120C154323F8245097E733F82420550499
:107CA0000DD533F8242022F4E04222F070021204B1
:107CB000120C42F4404242F0800223F824200C7857
:107CC00033F8242052060DD533F8242022F4E04264
:107CD00022F070021204120C42F4004242F0C00280
:107CE00023F82420CA780C78012A33F824200C4D7C
:107CF00092B202EA050218BF82F0200242F400426A
:107D000042F0800223F82420097833F8212022F45D
:107D1000804222F070021204120C42E78F8FFFFFA4
:107D2000BF8FFFFF8FBFFFFFD8B10F4B984216D810
:107D30000E4B984294BF002001200D4A136823F097
:107D4000070303431360136803F0070398421CBF43
:107D5000136803F00703C01A18BF01207047022000
:107D6000EBE70120704700BF006CDC0200366E01BB
:107D70000020024038B5EFF31185102383F31288F9
:107D8000BFF36F8F064B9C6803F0BEFF85F311882D
:107D9000BFF36F8F2046BDE83840FDF75BBE00BFE4
:107DA0002C18002038B5094B53F82040013053F807
:107DB0002050A54200D838BD636823B1204603F0A7
:107DC000A6FF0834F5E723689847FAE788C9000852
:107DD000012270B52A4B032086B01A70FFF7E2FF2C
:107DE00004F056F903F0AFFF0420FFF7DBFF254C4A
:107DF000254D2646AE4204F1300410D300F074FD48
:107E0000204C224EAC4226D300F082FDF9F760FEF2
:107E10001F4A137B23F00103137306B070BD54F89F
:107E20000C3C059354F8103C049354F8143C039311
:107E300054F8183C029354F81C3C019354F8203C2D
:107E4000009354E90A2354E90C0100F025FB54F88F
:107E5000303C5E65CDE7D4E90A23B3F1FF3F08BFAC
:107E6000B2F1FF3F05D052EA0301206803D103F0CD
:107E7000FBFF3034C6E73146183000F00FFFF8E75B
:107E80007A180020B8C50008E8C5000873BF0008CC
:107E9000500C002008B50348034A0021121A03F0D1
:107EA0004EFF08BD680200207C180020702370B5CA
:107EB000134E012203FB0066002386B0CDE90423A4
:107EC0000F220193CDE9023214230E4D0E4903FB1C
:107ED0000055044601EB00214FF4807230460B4BF5
:107EE000009500F0D9FA737B2C7423F004037373AC
:107EF000074B013403EBC423EE606B6006B070BD2A
:107F0000E00B00202C1800208028002049BD00082C
:107F100080200020BFB50020FFF744FF284B83F3EB
:107F20000888284C00256369274E43F40073636179
:107F3000F02384F82230E57725766576A57684F8F7
:107F40002050636A214F43F4E0236362FDF75AFD3A
:107F5000FDF784FE4FF0FF3340F20112A362E362AB
:107F60001B4B1C4C9A81B3601D6603F0B9FE0120C7
:107F7000FFF718FF0220FFF715FF00F0E9FC164B92
:107F800074610593012315494FF48052CDE90353E1
:107F900020463B46CDE90155009500F07DFA0646A6
:107FA000627B204622F00402627303F099FF2846A8
:107FB000FFF77CFF3A4631462046FDF72FFE00BF13
:107FC0008028002000ED00E02C180020D17D000862
:107FD000C00C0020500C00202CD300088029002069
:107FE0002DE9F341044617461E46EFF3118810238E
:107FF00083F31288BFF36F8FC368334A7BB1806805
:108000009168884219D057EA060318D188F311887D
:10801000BFF36F8F6FF00F0002B0BDE8F081916881
:1080200091F90E100133E36093682161A36088F336
:108030001188BFF36F8F0020EEE72169F2E791F915
:108040000E1090F90E306FF07E029942A8BF1946CB
:108050009142B8BF11468B422DDD03F080FE0546EC
:1080600022464146CDE90076184800F089FB0028F9
:10807000E1D0EFF31186102383F31288BFF36F8FE3
:10808000A068D0B1236821699C420AD04BB193F912
:108090000E309942A8BF19466FF07E039942B8BFCF
:1080A000194603F05CFE40B13146084800F0D8FBA9
:1080B0006FF00A00B0E70025D2E7002DF4D186F377
:1080C0001188BFF36F8FF3E72C1800207B18002076
:1080D00038B58368044663B3194A926893422BD13A
:1080E000C368012B03D9013BC360002038BDEFF307
:1080F0001185102383F31288BFF36F8F01698068A5
:1081000003F02DFE204603F038FFA06058B190F92F
:108110000E2022610022C26603F0E2FE29460948D1
:1081200000F09EFBE1E7E06085F31188BFF36F8FFD
:10813000DBE76FF01500D9E74FF0FF30D6E700BF5F
:108140002C1800207B18002038B50446EFF3118569
:10815000102383F31288BFF36F8F03F00EFF48B133
:108160000022C26603F0BCFE2946BDE8384007483D
:1081700000F076BBD4E902329A4218BF0133A36003
:1081800085F31188BFF36F8F38BD00BF7B180020C7
:1081900013B5EFF31181102484F31288BFF36F8FAE
:1081A000846844B1013C846081F31188BFF36F8F10
:1081B000002002B010BD52EA030406D181F31188F9
:1081C000BFF36F8F6FF00F00F3E7CDE90023024696
:1081D000014800F0D5FAECE77B1800202DE9F043C8
:1081E00005464FF0FF364FF0FF37DFF8248185B0AA
:1081F000EFF31189102383F31288BFF36F8F2C6F75
:108200008CB9022105F1880003F0BDFD00285DD185
:1082100000234946CDE90067029305F178023D4805
:1082200000F044FCE4E76A6F236894422B6708BFC0
:108230006B67D5F8883043F00203C5F88830E368EF
:1082400023F0040343F00103E360636889F31188BA
:10825000BFF36F8F20469847EFF31189102383F304
:108260001288BFF36F8FE368D90623F0010237D479
:10827000E260E3689A071AD5D8F8000023F00203F9
:10828000E360A0B10021026888B143689C4237D105
:10829000036869BBD8F80420C8F80030824201D1D5
:1082A000C8F80430002340F8083BFFF74DFFD5F82D
:1082B000883023F00203C5F8883089F31188BFF3B2
:1082C0006F8FDB0594D400F04BFB91E705F1800440
:1082D00000220121204603F09EFE0028F8D197E7F6
:1082E00023F01103E36004F11000FFF72DFFC0E756
:1082F0000B60D8F80430834208BFC8F80410D1E7F7
:1083000022B11368014610461A46BDE71346F9E745
:108310004C1800207B180020F8B5C36804469A0763
:108320000F46C3F340062CD45B071AD40B680BB975
:1083300083680B60E368DD0742BFA36802263B60E9
:108340003D6858BF0126002D38D01E4B9B68AB42BC
:108350000AD0D5F88830D807C3F3800214D46FF060
:10836000120600233B6024E003F075FDD5F8883049
:108370000028F0D1D907C3F3C002F0D552B15B0792
:1083800008D46FF00F06ECE7002AFAD1C3F3C0035C
:10839000002BF6D1002323606B6F63B9C5E91C4441
:1083A000284603F0FBFCE36843F00403E3603B680A
:1083B000A3603046F8BD1C606C67F1E76FF01506EE
:1083C000CFE700BF2C180020F0B50446002089B08C
:1083D000C4E91C000E9D04F17800C4E91E0004F1FC
:1083E0008000C4E920004DB32879002840F2011034
:1083F00008BF0120C4F8880000204FF0FF364FF07E
:10840000FF37CDE90330CDE90100CDE9066720460D
:108410000B4B009400F078F855B1296811B1204653
:1084200003F01FFD6B791BB1237B43F00103237322
:10843000204609B0BDE8F04003F016BD0120D9E7A1
:10844000DD81000837B501900846EFF31184102153
:1084500081F31288BFF36F8FC16811F01E0F16D120
:1084600053EA020508D101A9FFF756FF84F31188EA
:10847000BFF36F8F03B030BD41F00801C1600199B7
:1084800010308161034900F009FC0120EEE7002073
:10849000ECE700BFABBD00082DE9FF41984600F1B5
:1084A0005803C0E916330E9B002603730423D51D21
:1084B000437325F007050D9B0D440F468373294632
:1084C000C0E906668660C6730446FDF74DF90C9B4D
:1084D000073002930B9B20F0070001930A9B2D1A93
:1084E00000932A46434639462046FDF77BFB054B61
:1084F00066659B6803B11B6E2846236604B0BDE821
:10850000F08100BF2C180020F0B5002587B005953C
:10851000109DDDE9127604950F9D044603950E9D8E
:1085200002950D9D01950C9D0095FFF7B5FFB6F1E5
:10853000FF3F08BFB7F1FF3F05D056EA070305D15B
:10854000204600F09FF9204607B0F0BD3A4633467A
:10855000024904F1180000F0A1FBF4E773BF000822
:1085600038B50D4D2B4653F8184F9C4200D004B936
:10857000EC68AB6838B95A7BD20604D1A26912B94B
:10858000DA897F2A05D89C4202D0204600F0CEFA34
:1085900023466B6138BD00BF2C18002008B590F948
:1085A0000D200146002A437B04DA03F07F03437366
:1085B00003F05CFC044B9868431A58425841BDE8EC
:1085C0000840FFF7CDBF00BF2C18002070B490F911
:1085D0000D30427B002B29DBD30627D183692BBBCF
:1085E000134962F07F0242730A4652F8184F9442D0
:1085F00018BF2346CC6923B9C0E900242060C861B4
:108600000CE090F90E5093F90E60B5420AD0AE42DC
:1086100008DD5A68C0E9003210605860002070BC64
:10862000FFF79EBF9C42E7D01B68E4E770BC704731
:108630002C180020002A2DE9F0410E460CBF102115
:108640000821427B044611420FD141EA0203D209BC
:1086500018D1437308291BD00120FFF781FFBFF316
:108660005F8F637B23F060036373264B9B68A34299
:1086700041D1EFF30583002B3DD13046BDE8F041F9
:10868000FDF7FEB903F07F03437303F0EFFBE1E76F
:10869000A36813B1204603F0F1FB04F1180003F0C6
:1086A000DCFCA56D04F15807AF4211D04FF0000873
:1086B00075B1284603F0E2FB05F1180003F0CDFC8C
:1086C0002846C5F86C80FFF781FFA56DAF42EFD15A
:1086D0000C4DAB689C42BFD1EFF30583002BBBD0A0
:1086E0000120FFF73DFF40F20112074B9A81002263
:1086F000AB601A66B3E786F31188BFF36F8FBDE8EE
:10870000F08100BF2C180020C00C002070B590F93B
:108710000D200146002A437B04DA03F07F034373F4
:1087200003F0A4FB154A4B7B104663F07F034B73A9
:1087300050F8183FD469834208BF002323B9C1E928
:1087400000042160D1610CE091F90E5093F90E60A4
:10875000B5420ED0AE420CDD5868C1E90030016070
:1087600059609068BDE87040431A58425841FFF77D
:10877000F7BE9C42E3D01B68E0E700BF2C18002046
:10878000F8B5124B0C46DDE9067611469868104A9A
:108790001060EFF31182102282F31288BFF36F8F03
:1087A0009D68284603F074FBB6F1FF3F08BFB7F1A0
:1087B000FF3F06D03A463346064905F1180000F05F
:1087C0006DFA2046BDE8F840FDF75AB92C18002094
:1087D0005418002073BF0008F8B50446EFF3118663
:1087E000102383F31288BFF36F8F437B49B2DA06FD
:1087F00019D18569BDB903F07F03437303F036FBDC
:10880000437B164A63F07F0343731346817353F827
:10881000180F984218BF0546D0695DB9C4E9003009
:108820000460D46111E00020A17386F31188BFF3C6
:108830006F8FF8BD95F90E70B9420BD08F4209DDEC
:108840006B68C4E900531C606C600120FFF788FE70
:108850000120EAE7A842E1D02D68DEE72C180020CD
:1088600049B9EFF3058030B9054B5A699B689A42C4
:1088700001D0FDF705B981F31188BFF36F8F704701
:108880002C18002010B5EFF31184102282F3128807
:10889000BFF36F8F427B510704D484F31188BFF379
:1088A0006F8F10BD22F004024273FFF78FFE214646
:1088B000BDE810400148FFF7D3BF00BF7B18002080
:1088C000034648B9EFF3058232B9064A5169926806
:1088D000914201D0FDF7D4B883F31188BFF36F8FB5
:1088E000704700BF2C180020EFF31181102383F391
:1088F0001288BFF36F8F054B9A68D37B013BD3730C
:1089000081F31188BFF36F8F704700BF2C180020D0
:1089100038B5EFF31185102484F31288BFF36F8FFD
:108920000A4B00209A68D37B0133D373FFF718FEFC
:1089300085F31188BFF36F8FEFF3118084F31288F2
:10894000BFF36F8FBDE83840FFF7BABF2C18002087
:10895000024B03F11802C3E9062270472C180020CD
:10896000F8B5EFF31185102383F31288BFF36F8FEF
:1089700019498868437B03F07F03437303F076FA59
:1089800008468B685A7B62F07F025A7350F8182FA2
:10899000CC69824208BF002222B9C3E900042360E7
:1089A000CB610CE093F90E6092F90E70BE420ED0CE
:1089B000B7420CDD5168C3E900210B605360012010
:1089C000FFF7CEFD2846BDE8F840FDF759B8A242B2
:1089D000E3D01268E0E700BF2C18002050EA010342
:1089E0002DE9F04105460E4603D1FFF7B9FF0020FF
:1089F0002BE0831C71F1FF3329DB03F043FB2C18C0
:108A0000EFF31188102383F31288BFF36F8F124F97
:108A1000124BB8681860FFF7C1FDB86810492A46C4
:108A20003346183000F03AF9BA684046537B43F0B9
:108A300010035373FDF724F803F024FB201A63EBB3
:108A40000303012873F10003D1DBBDE8F0816FF06F
:108A50000104241AD4E700BF2C1800205418002069
:108A600073BF0008B1F1FF3F08BFB0F1FF3F08B589
:108A700006D10A4B986803F042FA4FF0FF3008BD68
:108A8000FFF7ACFFC11709304FF00A024FF00003A7
:108A900041F10001F7F77CFBF1E700BF2C18002043
:108AA000014B9868704700BF2C180020D3B5DDE952
:108AB0000667089CCDE90067FFF762FE1CB1034B17
:108AC0009B685B69236002B0D0BD00BF2C180020FA
:108AD0000122044BC01A044BC0105843034B1A54D4
:108AE000704700BF300D0020ABAAAAAA7B18002057
:108AF000C3897F2B12D80A4B1B6863B1094B90F9CD
:108B00000E201B689A4209DB437BDB0606D1064B2D
:108B1000C31A18BF012303F0010070470023FAE7CE
:108B20005C18002058180020E00B002070B50E4B98
:108B30000E4C1E7C182303FB06440546204603F01A
:108B40008CFA00220A4B28469A55FFF7D1FF48B10C
:108B5000084B2046BDE870401A680749013AD31710
:108B600000F09CB870BD00BF2C180020300D002014
:108B70007B1800205C180020D18A000838B5EFF37C
:108B80001185102383F31288BFF36F8F104B114AA6
:108B90009C681068A04206D1FFF7C8FF85F31188D2
:108BA000BFF36F8F38BD00211B7C11600A4AD35C74
:108BB000002BF3D02046FFF79BFF0028EED0637B0D
:108BC000DB0602D12046FFF7A1FD2046E4E700BF07
:108BD0002C180020541800207B18002008B50648E7
:108BE000064A0749121A03F0ACF8BDE80840054AE6
:108BF0000549064803F0A5B80000002068020020DF
:108C000058D300080000000058D3000800000020DE
:108C1000034B1B680BB9FEF777B90020704700BF04
:108C20006018002030B570B10B4B5B6898420AD0D9
:108C3000036843B1D3E90421D0E90445121941EB9B
:108C40000501C3E90421D0E9003213605A60002312
:108C5000C0E9003330BD00BF3C01002010B50E4B11
:108C60001C689C4204D1FFF7D3FF6FF0004010BD99
:108C7000FFF7CEFF002CF8D0D4E904321B1A62EBC8
:108C8000E072B3F1004F72F10001EEDA002AACBFDE
:108C900018460020EBE700BF3C010020B3F1FF3F86
:108CA00008BFB2F1FF3FF8B504461D4616465ED038
:108CB0008160EFF31187102383F31288BFF36F8F66
:108CC000013275F1FF3324DA6FF001032D49D1E948
:108CD00000209B1A4FF0FF3262EB00009E1B60EBFE
:108CE0000500012E70F1000301DA01260020C4E91D
:108CF0000460254ED6F800C07568B44508BF4FF033
:108D0000000CBCF1000F0DD1C4E900652C6074604B
:108D10001CE0FFF77DFF013645F10005361845EBF5
:108D2000E070E4E7DCE90420D4E90431934271EB1C
:108D3000000E1DDAD21ADCF8043060EB0100CCE939
:108D40000420C4E900C31C60CCF804403368B3427B
:108D500009D09C4207D10D4B1C6824B9FFF77EFF58
:108D60002146FEF753F887F31188BFF36F8FF8BDE4
:108D70009B1A61EB0001AC45C4E90431C4D0DCF8B6
:108D800000C0BEE7480D00203C0100206018002014
:108D90002DE9F84FEFF3118C102383F31288BFF302
:108DA0006F8FDFF8B0A0DFF8B0900024C9F80000A2
:108DB000DAF800000025504508BF0020274FE046A4
:108DC000D7E90021D9F8003078B3D0E9046C4FEA34
:108DD000E37EB3427EEB0C0B05DAF61A6CEB0E0465
:108DE000C0E9046421E0B21841EBE671C0E9044532
:108DF000C7E90021FFF716FF88F31188BFF36F8FD3
:108E000083689847EFF31188102383F31288BFF328
:108E10006F8FD9F80030DAF800009B1B5045C4462C
:108E2000C9F80030CBD1D7E9002100249A1841EBD2
:108E3000E373C7E90023C9F80040FFF70FFF21469D
:108E4000FDF7E4FF88F31188BFF36F8FBDE8F84F9B
:108E5000FFF794BE3C01002060180020480D002060
:108E600010B5EFF31184102383F31288BFF36F8FD3
:108E7000FFF7CEFE0346054AD2E90001181841EB80
:108E8000E37184F31188BFF36F8F10BD480D00208C
:108E90001FB5094A02AB92E803004FF4806283E8F1
:108EA0000300009305494FF0FF330548FFF78CFAA4
:108EB000002005B05DF804FB30C6000880390020B2
:108EC000500D00200CB430B589B005460C461C226C
:108ED000002101A803F0A0F902238DF806300E4B03
:108EE0000595029323462CB1B4F1004F28BF4FF0F3
:108EF0000043013B1D440DAA0C9901A80695009260
:108F000000F0BCF814B10022059B1A7009B0BDE84E
:108F1000304002B0704700BF97C200080EB470B571
:108F200089B00DAC05461C22002101A854F8046B41
:108F300003F072F901238DF80630074B22463146C3
:108F400001A803930595009400F0F4FA09B0BDE878
:108F5000704003B0704700BF83C20008242A2DE987
:108F6000F84F8046894601D8012A60D103F0B8F94C
:108F70001622414B1A50B9F1000F01D0C9F80080F8
:108F8000002319461846BDE8F88F31460E4616F8FC
:108F9000013B202BF9D0A3F1090004281C46F4D989
:108FA0002B2B46D02D2B46D101274C788E1C302CF4
:108FB00048D1337843F02003782B3ED132F01003B0
:108FC0003BD11025B046747802366FF0004317F19C
:108FD000FF3B43F1000A2A46002358465146F7F763
:108FE000D7F800238C461946392C82BF04F1FF3490
:108FF00044F02004263C303CA54228D998427CEB22
:10900000010E05DB614508BF834203D1A24201D2B4
:1090100047F00207A5FB033E05FB01EEE3184EF106
:109020000001B6461EF8014BB0467646DCE7014625
:10903000ACE70027B9E70027B9E7002A14BF1546B7
:109040000825C2E7002A14BF15460A25BDE7B9F175
:10905000000F01D0C9F80080F80702D55B4261EB30
:109060004101BA078ED503F03BF92224024A5B4640
:109070005146145086E700BF0C0000002DE9F04F68
:1090800043688DB00293837815469A07804640F175
:109090000D8100240E78002E00F00A81252E0BD0C1
:1090A0004B1C0393013441463046029B98470028ED
:1090B000C0F2F6800399EDE74E788B1C252E0393C2
:1090C000F0D00027B946BB46BBF11F0F38D8A6F138
:1090D0002003102B0AD8DFE803F02A090930090918
:1090E000092109090928092D09091F00A6F13003E2
:1090F000092B33D92A2E37D11BF0400F55F8043BEA
:1091000040F08280002BA7BF99464BF0200BC3F1A3
:1091100000094BF0280B01E04BF0010B039B13F807
:10912000016B0393002ECFD130E04BF0020B4BF0DC
:10913000040BF3E74BF0080BF0E74BF0100BEDE7F7
:10914000BBF17F0F19D8A6F13003092BD2D81BF041
:10915000400F03D00A2101FB0737DFE70A214BF05C
:10916000200B01FB0939D9E72E2E06D11BF0400F49
:1091700040F09E804BF0400BD0E76C2E31D02BD8C6
:10918000682E36D06A2E3CD04C2E3AD0002F46F0B6
:109190002003B8BF2BF04002A3F16501BCBF00273C
:1091A0001FFA82FB022901D9612B2FD1072707352E
:1091B00025F00705DFF8A8A208351BF0080F66D0D8
:1091C00056460AEB070B5E4563D1A4EB0A0A06EB91
:1091D0000A02A9EB07096FE1742E9FD07A2E9DD069
:1091E000D4E71BF0800F18BF4BF4007B4BF0800BD3
:1091F00094E71BF4807F18BF4BF4007B4BF4807B1B
:109200008CE74BF4207B89E71F4687E7A6F16301D3
:10921000122900F2F080DFE811F013004F00EE0099
:10922000EE00EE00EE004F00EE00EE00EE00EE006D
:10923000EE00FE00E900EE00EE001B00EE00AF00C5
:1092400055F8043B01278DF818300DF1180AB4E7E2
:1092500055F804AB834BBAF1000F08BF9A461BF0D8
:10926000400F14BF39464FF0FF31504602F023FF44
:109270000746A2E741462020029B984700280FDBC3
:10928000013EB742F6D34C44A41BB14698E74E4684
:10929000F7E7414616F8010B029B9847002892DA3F
:1092A00098F8023043F0040388F802304FF0FF349E
:1092B00020460DB0BDE8F08F1BF0800F34D01BF4BA
:1092C000007F2CD0073525F00705AA4669685AF8B3
:1092D000080B2BF010050029ADB237DA404261EBE4
:1092E000410145F480650A230DF1180B5A4602F03E
:1092F000EEFEA0EB0B0301936B0662D5019B25F0FC
:1093000001019F4289B240F3A180002E00F09980B4
:1093100015F0100240F09C80BB460D4623E0AA46A3
:109320005AF8040BC117D4E7AA461BF4807F5AF8F9
:10933000041B01D10846F5E71BF4007F15BF48B2B6
:1093400008B241F3C01141F3C031C2E750EA010352
:10935000C9D11BF0400FC6D0002FC4D12BF0110291
:10936000BB4695B2019740F2064115EA01021CBFC7
:1093700000220BF1010B2CE00A232BF010021FFA44
:1093800082FB1BF0800C49D01BF400711DBF073518
:1093900025F00705AA46AA461ABF5AF8080B6968BD
:1093A0005AF8040B50EA010545D12BF016051BF0C5
:1093B000400FADB242D0002F40D12BF0170295B232
:1093C000019715F0100248D0019B002E42D103F105
:1093D000010B29075AD4EB0706D5D9456FDDA9EB58
:1093E0000B03CB4601995F185B4649E010237826B2
:1093F0004BF0100BC5E7782B04D1C6F1780343F08E
:109400001003BEE741462520029B98470028FFF63F
:1094100047AF023447E608230026B2E7AA461BF40A
:1094200080715AF8040BBDD01BF400711ABF61465D
:10943000C0B280B2B6E72BF0060295B20DF1180B60
:1094400054E725F01105BB46ADB28CE70D46B8E7F1
:109450003B460D4603F1020BBBE7DDF804B082E7A3
:1094600041D300083AD30008CDE904324146202018
:10947000029B98470028FFF613AF049B059A01331F
:109480009945F1DCA4EB0B019B46CC180AB341468D
:109490003020029B98470028FFF602AF8EB90134B6
:1094A0002744019B391B994223DC1D4655BB554679
:1094B000019AA9EB0B0922441446914434E0019F20
:1094C00092E7414630460234029B98470028E7DA8B
:1094D000E6E640F206410D42E2D015F0020F14BF5D
:1094E0002B20202015F4806F414618BF2D20013419
:1094F000EAE741463020029B9847002804F1010426
:10950000CFDACDE606AB013D585D4146029B984758
:109510000028CBDAC4E641462020029B9847002869
:1095200004F10104FFF6BCAEA9EB0403002BF2DC4E
:10953000C0E500BF2DE9F04F80460020824691B083
:10954000029207900D4615F8014BACB1202C17D0B4
:10955000A4F10903042B13D9252C17D0404607A9E1
:1095600002F00CFE031EC0F2FF80DBB2A3420BD060
:10957000414607AA02F022FE504611B0BDE8F08F26
:10958000404607A902F025FE2946DBE74C788D1CF2
:10959000252CE3D02A2C21D101268C78CD1C4FF02C
:1095A000000906E00A2202FB093915F8014B46F0D2
:1095B0000206A4F13003DBB2092BF3D916F0020F37
:1095C00008BF4FF0FF396C2C35D009D8682C26D055
:1095D0006A2C3ED04C2C37D034B9CDE70026DEE7DC
:1095E000742C33D07A2C31D02146A54802F01CFED1
:1095F0000028C1D016F001030ABFDDF808B000272B
:109600005BF8047B039308BFCDF808B06E2C23D120
:1096100000233846079A009602F0BAFDB4E72C788A
:10962000682C03D046F020060135D5E746F0300619
:109630006C780235D0E72C786C2C02D046F004060A
:10964000F2E746F00C06F3E746F00C0615F8014B7E
:10965000C2E746F00806F9E7632C18D116F0020FAE
:1096600008BF4FF00109404607A902F087FD002816
:109670007ADB0FB107F8010BB9F10109F3D1039BB4
:10968000002B81D10AF1010A5FFA8AFA7CE75B2C90
:109690007FD1202200210DEB020002F0BDFD00224F
:1096A0004FF0010C16461146144615F8013B002BED
:1096B00054D05E2B03D1F2B901240132F5E7A24266
:1096C00019DD5D2B1FD02D2B15D1C1B110A800EBDA
:1096D000D30010F820EC03F007010CFA01F141EA85
:1096E0000E01B34200F8201C0BD034BF013303F14C
:1096F000FF33DBB2EAE7002908BF1E46E6E7012197
:10970000DBE70021D9E729B19DF8253043F020039C
:109710008DF825304CB120230DEB03021178013B6D
:109720006FEA010102F8011BF8D10124404607A9A4
:1097300002F024FD031E10DBC3F3C4014031694471
:1097400011F8201CDAB203F0070341FA03F3D9073A
:1097500011D4414607AA02F031FDA4B198F80230B5
:1097600013F00C0F3FF408AFBAF1000F14BF5046CE
:109770004FF0FF3001E70FB107F8012BB9F10109F4
:109780004FF00004D2D1002F3FF479AF00233B709B
:1097900075E7404607A902F01CFD0028E4DB6F2CAA
:1097A00054D035D8642C53D0693C18BF012424010F
:1097B000404607A902F0E2FC2B2803D02D280AD14D
:1097C00046F04006B9F10109C8D0404607A902F0A9
:1097D000D5FC0028C2DB30286DD1B9F1010204921A
:1097E00006D0404607A902F0C9FC0028049A31DAE5
:1097F0004FF00009CB46730603D5D9F100096BEB96
:109800004B0B4A465B463846009602F0C1FC36E7F1
:10981000732C0AD0752C0CBF0A241024C8E70FB192
:1098200007F8010BB9F10109ADD0404607A902F0D4
:10983000A5FC0028A7DB202803D0A0F10903042BF6
:10984000EDD8414607AA02F0B9FC9CE70824AFE72F
:109850000A24ADE740F02003782B46F0800611D1B2
:1098600034F0100311D1B9F102020492C0D0404685
:1098700007A902F083FC0028049AB9DB102404E055
:1098800049D30008002C08BF08244FF00009CB463C
:109890000146392882BF00F1FF3141F0200126390D
:1098A00030398C420CD807AA414602F087FC3206B8
:1098B0007FF554AF9FE74A46002CE6D10A24E4E73F
:1098C000A4FB099004FB0B0011EB090940F1000B0C
:1098D000013ACDE9042246F080068CD0404607A923
:1098E00002F04CFC0028049AD2DA84E77047034661
:1098F0000A46F0B41979DB8800681343DC028768F4
:10990000066906D513F4402F03D0DA0748BF83F465
:109910004023012534688D4023F48012DB074CBFBF
:109920002C43AC4334603B68F0BC184713B50C467D
:10993000836801A95B68984738B9012303FA04F1E9
:10994000019B194214BF0120002002B010BD034644
:109950000A4619790123006803FA01F103691B68BB
:10996000194203D022B183681B6903E0002AFAD0B0
:109970008368DB68184708B502F088FB0A220023D9
:10998000F6F706FC08BD00210246084610B513692B
:1099900080321C1E52F8743C18BF0124003B18BFD3
:1099A000012343EA44038B400231062940EA0300C5
:1099B000EDD110BD034690F8DB04F0B193F83025EB
:1099C000022A0BD1D3F8C804884216D0022903D149
:1099D000431E58425841704700207047032A0DD15A
:1099E00003EB8102D2F8440438B9022906D1D3F836
:1099F0004804003818BF0120704701207047034613
:109A0000101E15D0CCBF012000205A1892F8D42483
:109A1000C90190420B4406D19A7842B9D8680038FF
:109A200018BF012070471A790AB91869F7E70120B1
:109A30007047F8B51446A34207461A4601FB01F5E4
:109A400044D900232005210BF6F7A2FB0346A0FB17
:109A50000021C0F58014120D42EA0132A4FB03413B
:109A6000240D44EA01340444A2FB0310090D41EA29
:109A70000031A01AA0FB0306000D40EA06300244A4
:109A8000561AA6FB0360360D46EA00363144C4F58B
:109A9000801607FB07F0A6FB0367360D46EA07367C
:109AA0003444A41AA4FB0346240D44EA0634224499
:109AB000521AA2FB0323120D42EA033211442D1A5B
:109AC000A1FB0515090D41EA053145182846F8BDE9
:109AD000B0F8DA3423B990F8660800F00100704756
:109AE0000120FAE738B590F8DB3404460D467BB127
:109AF0007823D0F8C80404F5C07103FB00400123AB
:109B000000F500701A4600F070FA092384F8313528
:109B10000023C4F83455A4F8DA3484F8DC3484F82B
:109B2000DF3484F8283584F83035A4F86638A4F892
:109B30006038C4F86834C4F86C34C4F8703438BD84
:109B40002DE9F04105460E461746002400F55978E8
:109B500056F8242058F8043F9A4208D1022C01D02C
:109B60000134F5E7D5F86C2373689A4209D03B4677
:109B7000002221462846F8F7D9FA30B10134032CE7
:109B8000E6D10023012085F82835BDE8F08138B5FD
:109B900000230F25404301FB11041201501E43F125
:109BA000FF31E4FB0501F6F7F3FA38BD10B400EB22
:109BB0008103D3F86823D3F868442244C3F86823A8
:109BC00000EBC102D2E9E434013344F10004C2E9FC
:109BD000E43490F83035022B08D1D0F8C8348B42E9
:109BE00004D110BC00F5C07000F0DCB910BC7047A7
:109BF00038B5C0F8381504460D46FFF769FF18B1AF
:109C000029462046FFF76EFF022038BD2DE9F846B1
:109C10001F4681460C469246F6F736FC0023099E05
:109C20009DF82850336010B90020BDE8F8865045F3
:109C3000FAD2421C4946204602F0E0FA237823B9C2
:109C40003068003818BF0120EFE72178224620292C
:109C500004F10104F9D033680029F1D008998B424E
:109C6000E2D0591C316047F82320117814460132A4
:109C70000029E3D0202903D1002323701446DDE717
:109C8000002DF2D021395D29EFD9CDE70023C0F8AE
:109C9000C03080F8C43070470D2928D00A2990F8C8
:109CA000C4300FD10022D0F8C0104BB98B1A18BFA6
:109CB00001234254C0F8C02080F8C420D8B27047B5
:109CC0001346F6E79BB9D0F8C030BE2B03D8A1F1FC
:109CD00020025E2A07D90023C0F8C030012380F893
:109CE000C430022070475A1CC0F8C020C154002064
:109CF0007047F0B5F1B1C61C041D00F11C0500F160
:109D0000080100F12C07012A1CD900230B70012344
:109D100023702B6823B9531CA8BF4FF0FF322A6071
:109D200043690BB92B68436100230362042380F865
:109D30007830F0BD461C841C00F11805C11D00F1EF
:109D40002807E0E72AB101232370337000230B704A
:109D5000EFE7087818B901220A703B60E9E7396833
:109D60005B1A132B82BF012322703370E1E710B519
:109D70007F2204460021013002F04EFA0123C4E99B
:109D8000033323702371A37010BDFFF7F0BF0023CE
:109D900080F87810036270470346407800B1D878A5
:109DA00000F00100704710B54369044633BB4379A6
:109DB00053BBFFF7F1FF18B3636AD21A1E2A21D8EA
:109DC000E36853B90029D4BF0021012123789942C7
:109DD0000CD1A0784000C0B210BD2369A3B90029FE
:109DE000D4BF00210121237899420FD023797BB978
:109DF0002369002B0CBF00200B20EDE70420EBE7CC
:109E00000620E9E70520E7E70C20E5E70220E3E785
:109E10000B20E1E72DE9F0411D46837904460F460A
:109E20001646CBB1436AEB1A1E2B0CD8012905D07C
:109E3000012E16D12369012B12D112E0C368012B28
:109E4000F6D04563F4E701292FD0012E00D1A56398
:109E50000023E371238104E0012924D0012E00D1E5
:109E6000A5633B1E18BF0123E360331E18BF012307
:109E70004FF001083A4600212046236184F806800D
:109E80002B466562FFF735FF2B463246414620469A
:109E9000FFF72FFF636953B100236372236204232A
:109EA00084F878302CE04563D8E74563CDE7012F8F
:109EB000627A0ED1012E0CD12AB96672E5630023B5
:109EC00023620C23ECE7E36BED1A132D88BF667158
:109ED000F5E76379B2B113B100236372EFE7226C47
:109EE0006372511C1CBF01322264236A002B07D00D
:109EF000CCBF0122002223789A4206D1A3785BB915
:109F0000BDE8F081002BF0D0D9E72379002BF7D002
:109F10000B2300222262C3E70223FAE770B5066A28
:109F200004460D4646B10A463146FFF73CFF28B1CC
:109F3000002384F878002362002070BD236EEB1AA2
:109F4000B3F5AF7F04D30323206284F87830F3E7BE
:109F5000236B33B1E26DAD1AAB4202D80E232062FF
:109F6000F3E7D4E91A23B3F1FF3F08BFB2F1FF3F93
:109F70000DD0636D01330AD0D4E91C23002E0ADD15
:109F80006FF000418B4208BFB2F1FF3F08D10023C0
:109F900023620723D9E7B3F1004F08BF002AF5E792
:109FA0000120CAE7016AD0E91C325B1842EBE1727A
:109FB000C0E91C32D0E91A32013342F10002C0E993
:109FC0001A32436D026D0133436532B1934221BFB2
:109FD00000230362082380F8783070470078013846
:109FE00008288CBF00200120704730B40446084682
:109FF00011462278551E082D0AD86270A3700B22D4
:10A000000023227084F8203030BC0363FFF7BFBE0A
:10A0100030BC704700EBC100408840087047F8B57D
:10A020000346FFF7F7FFB0FA80F0C0F11F0003EB23
:10A03000800CDCF81060CA00171D0C4606328DB289
:10A0400056B9012101FA00F0D9680143D960CCF872
:10A050001040DD539D52F8BDF1000431585AD853D9
:10A0600003EBC0009E52C5805D52F4E7043A2DE92F
:10A07000F041CC1D114424F0070421F007010E1B10
:10A08000F708B7FA87F24FF00008C2F12405AD00D7
:10A090000735C2F12002ED0804604146A760C4F80C
:10A0A0000C80920004F1100002F0B6F86B0043F04F
:10A0B000010363807B1B04EBC5025900A4F80080F8
:10A0C0005180A21924F83550A2F80280A35304EB62
:10A0D000C7035A88294642F001025A802046BDE84B
:10A0E000F041FFF79CBF002070479446F0B504464E
:10A0F000C369C66845684069AF1B281A1A1ABB4273
:10A100009CBFFF1AF618624528BF6246D81B9042D2
:10A1100028BF10462368AD1B2B440B6063680344C3
:10A120006360F0BDD0E90123D21A8A420CD31944EE
:10A13000C368C269C0E90111C91A8A4201D9002065
:10A1400070471344C360FAE76FF0150070472DE9BC
:10A15000F34180460E46154600272A4601A940468F
:10A16000FFF7C3FF044602463146019802F046F865
:10A170002D1B2744264401D0002CEED13946404601
:10A18000FFF7D0FF384602B0BDE8F081F0B50446D5
:10A19000944686690569A368C069AF1B5A1BB8421B
:10A1A0009CBF36183F1A624528BF6246C01B9042CA
:10A1B00028BF10462368AD1B2B440B602369034462
:10A1C0002361F0BDD0E90423D21A8A420CD319448A
:10A1D000C0E90411D0E90632C91A8A4201D9002027
:10A1E000704713448361FAE76FF0150070472DE95B
:10A1F000F34180460D46164600273246404601A9E7
:10A20000FFF7C4FF04462DB102460199284601F02C
:10A21000F5FF2544361B274401D0002CEDD13946EB
:10A220004046FFF7CFFF384602B0BDE8F0817047E7
:10A2300010F0700F09D100F07F0310F0800F4FF085
:10A24000010018BF103398407047002070472DE977
:10A25000F84306460F469046994604254B4642462B
:10A2600039463046FBF760FF10F10B0F044603D16F
:10A27000FEF776FB013DF1D12046BDE8F88300688A
:10A2800038B150F8043C04385B688B4201D0406818
:10A29000F6E77047006848B150F8043C04385B6842
:10A2A0005B689B788B4201D04068F4E7704730B51B
:10A2B000006888B150F8043C04385B681A6A1D7F56
:10A2C0000023043ADCB2A54201D84068F1E701332B
:10A2D00012F833408C42F5D130BD08B5FAF794FE40
:10A2E00028B1406810F1100F14BF0020012008BDF4
:10A2F0004B1CDBB28170817680F82530C37600F884
:10A30000061C704750E90231D0F89C001847002223
:10A31000036983F84A207047036993F84A0008B13B
:10A3200093F8480070470022036983F84B20704778
:10A33000036993F849007047036993F8482012B104
:10A3400093F84A202AB993F8490018B193F84B00C2
:10A35000704701207047012070470369C3E900126C
:10A3600070470229036908D004290BD001290ED1B6
:10A37000D3F8943000201360704793F89B30C3F3F8
:10A380004003F7E793F89B3003F00103F2E76FF027
:10A3900085007047CB7902690BB1012B03D10020F6
:10A3A00082F8A13070476FF08500704710B50369DF
:10A3B000D3F894200A6093F898206AB1012A0CBF60
:10A3C000022203224A7193F89920501E032805D8CF
:10A3D000DFE800F0050505050122F3E700220A7118
:10A3E00093F89A20062A0BD0072A0BD0052A0CBF17
:10A3F000002203228A7193F8A1300020CB7110BD96
:10A400000122F7E70222F5E708B5402903693FD0AA
:10A4100013D8102932D006D801291ED0082920D0FF
:10A420006FF0120008BD2029FAD193F89C1001F0BA
:10A43000FB0152B341F0040127E0B1F5807F30D039
:10A44000B1F5007F36D08029EAD193F89C1001F055
:10A45000EF01D2B141F0100117E0C3F894200020C1
:10A46000E0E793F89C1001F0FE010AB141F0010110
:10A4700083F89C100121FBF779F8F0E793F89C1022
:10A4800001F0FD010AB141F0020183F89C10F2E7EE
:10A4900093F89C1001F0F701002AF6D041F0080172
:10A4A000F3E793F89C1001F0DF01002AEDD041F0B2
:10A4B0002001EAE793F89C1001F0BF01002AE4D0E4
:10A4C00041F04001E1E770B504690546D4F88C001D
:10A4D000FFF78DFED4F88C3006461A6999689142D0
:10A4E00004BF002284F8492094F8A0209AB15A6849
:10A4F0005969DB69521A9B1A3F2B0CD994F89E308C
:10A5000033B16B6822461B6A0021187BFBF788F881
:10A51000002384F8A030304670BD012208B5FFF753
:10A52000D2FF013818BF4FF0FF3008BD012801D11C
:10A53000EFF30583FDF71EBC01460068FFF7F6BF89
:10A5400000210120FFF7F2BF61B662B680F31188E7
:10A55000BFF36F8F704772B6002383F31188BFF388
:10A560006F8FBFF34F8F30BF62B6BFF36F8F7047EF
:10A5700008B5FBF797FB002008BD08B506220121AE
:10A580000020FBF7DBFB002206201146FBF7FCFA5C
:10A59000012107220846FBF7D1FB002207201146C4
:10A5A000FBF7F2FA082201210220FBF7C7FB002289
:10A5B00008201146FBF7E8FA092201210320FBF7E6
:10A5C000BDFB002209201146FBF7DEFA0A22012119
:10A5D0000420FBF7B3FB00220A201146FBF7D4FA54
:10A5E000052117220846FBF7A9FB00221720114678
:10A5F000FBF7CAFA282206210A20FBF79FFB00225C
:10A6000028201146FBF7C0FA002008BD10B50C4603
:10A61000FBF710FC10B18460002010BD6FF0150036
:10A62000FBE7027903780AB95A0606D113F0780FCE
:10A6300014BF4FF0FF30002070474FF0FF307047DD
:10A6400010B50C46FBF7F6FB20B11CB14379002096
:10A65000237010BD6FF01500FBE710B50446FBF743
:10A66000B5FD10B16FF0150010BD2046FBF7DCFD05
:10A670000028F9D0F6E708B5FBF7DCFB08B1008845
:10A6800008BD6FF01500FBE770B501F07F042046B0
:10A69000FBF7D0FB054600F10C012046FBF780FCE0
:10A6A00000232B61AB6823B12046BDE87040012137
:10A6B000184770BD70B541F080042046FBF7BAFB27
:10A6C00005461430FDF740FDAB6823B12046BDE8D8
:10A6D00070400221184770BD0B6882B0A3F11402CC
:10A6E000082A12D803F1804303F504331A68486836
:10A6F000024300201A600B6803F1804303F5043322
:10A700001B680193019B02B070476FF08500FAE768
:10A710000B68A3F11402082A9FBF03F1804303F5DD
:10A7200004331A6849689BBF00208A436FF0850094
:10A730001A6070470B68A3F11402082A0AD803F1C3
:10A74000804303F504331A684B68934314BF012018
:10A750000220704723F00403012B0CBF02200120CC
:10A76000704710B50B6823F00403012B21D14A6810
:10A77000FF2A1CD0D3B203F1804303F504331868D9
:10A78000C2F34234C2F3042204FA02F220EA0202C3
:10A790001A604968CBB203F1804303F504331868AB
:10A7A000C1F30242C1F304218A4002431A6000202F
:10A7B00010BD6FF08500FBE770477047416370473D
:10A7C00081637047C163704701647047406B704795
:10A7D000806B7047C06B7047006C70476FF002036E
:10A7E000036170476FF00403036170476FF0080363
:10A7F000036170476FF0100303617047C36843F053
:10A800000203C3607047C36823F00203C36070474C
:10A81000C36843F00403C3607047C36823F00403B4
:10A82000C3607047C36843F00803C3607047C368E0
:10A8300023F00803C3607047C36843F01003C3608C
:10A840007047C36823F01003C3607047436800205B
:10A850001A69136843F001031360704743680020CE
:10A860001A69136823F001031360704743681B697A
:10A87000D86A7047436800201B695B6A0B607047A9
:10A88000002270B5456804692B694668767A96425D
:10A8900019DCDA6822F00102DA600A68DA626FF025
:10A8A00001021A614A6822608A686260CA6812F00E
:10A8B00001040ED15C6200204A681AB1DA6842F0E5
:10A8C0000102DA6070BDEE6856F832607EB901327E
:10A8D000DBE740680C680069406A8442EBD8920765
:10A8E00048BF00226FF03D0048BF5A62E4E76FF0B6
:10A8F0000F00E7E7036998687047036900209960D3
:10A900007047036918697047002208B51C2011467A
:10A91000FBF73AF9BDE808401C20FBF713B970B506
:10A920004368054606691C6943685B7A013B032B53
:10A9300047D8DFE803F0352413022369DA060AD585
:10A94000E368DB0607D56FF0100323610321284677
:10A95000FBF7B8FD02E0F3681807F7D4236919077D
:10A960000AD5E3681A0707D56FF0080323610221AF
:10A970002846FBF7A7FD02E0F3685B07F7D42369DD
:10A9800058070AD5E368590707D56FF00403236118
:10A9900001212846FBF796FD02E0F3689A07F7D4F9
:10A9A00023699B070AD5E368980707D56FF0020370
:10A9B000236100212846FBF785FD02E0F368D907F3
:10A9C000F7D42369DA070CD5E368DB0709D56FF004
:10A9D000010323612B692846D3E90021BDE87040BB
:10A9E000104770BD416843685B7A013B032B1DD85B
:10A9F000DFE803F01A1816020B691B69C3F3001392
:10AA00000A691269C2F3C0021A430B691B69C3F3D6
:10AA1000800313430A691069C0F34000184370476C
:10AA20000023EDE70022F0E70023F3E70020704762
:10AA3000436800205B689B680B60704743685B68F5
:10AA4000D86842400A404240DA60002070474368BC
:10AA500000205B6819617047436800205B6859619A
:10AA60007047436800205A68D3684B40D3607047F2
:10AA700010B503699868F8B1884219D1DC68086894
:10AA8000A142986000D1D860002008602AB19A687D
:10AA90000A60DA68996002B9D960002010E081424A
:10AAA00006D108682060D8688142EDD1DC60EBE710
:10AAB000044600680028F2D1002AE8D16FF01500A2
:10AAC00010BD91FAA1F3B3FA83F370B50D0E0F2602
:10AAD00091FAA1F1B1FA81F144599B0006FA03F30E
:10AAE000890024EA03048A402243425170BD91FA4E
:10AAF000A1F3B3FA83F370B50D0E032691FAA1F119
:10AB0000B1FA81F144599B0006FA03F3890024EA63
:10AB100003048A402243425170BD91FAA1F3B3FA73
:10AB200083F370B50D0E042691FAA1F1B1FA81F10B
:10AB300044599B0006FA03F3890024EA03048A407F
:10AB40002243425170BD70B50B46896821B1012581
:10AB50005E680C68854001B970BD8A682A4002D0E1
:10AB600030464B6898471CB1236821461C46F2E7E3
:10AB70002346FAE770B501241546072904FA01F2C5
:10AB8000C8BF01F007014FEA0223C5BF8C401C4338
:10AB900042EA030444F08064EA07406822D415F0D6
:10ABA000060204D12146BDE87040FFF78ABF022AA1
:10ABB00001D10422F6E705F4C075802D6FEA142652
:10ABC0004FEA14220BD192FAA2F20123B2FA82F2D6
:10ABD000C168934031400B430822C360E2E7C36879
:10ABE0003340F9E76B0654BF012209222146FFF7E3
:10ABF00068FF15F0200218BF0422214605F0180551
:10AC0000FFF78BFF082D05D102222146BDE87040D9
:10AC1000FFF76DBF0DB90122F7E70322F5E71346F1
:10AC20009A0310B518D59C070FD55A072DD52122A8
:10AC3000DC060CD542F0840213F4002F44681BD0CC
:10AC4000012364688B40236111E00122F0E79C0638
:10AC5000F2D542F48272EFE713F4803207D0DC06BB
:10AC600011D413F0200F14BF4FF4827202224068F7
:10AC7000FFF780FF002010BD5B03F8D50123646857
:10AC80008B406361F3E78422F1E76FF08500F2E720
:10AC9000F8B51F46044640680E461546FFF76AFFA2
:10ACA000032F08D1012303FA06F66368AA055B683F
:10ACB0004CBF1E615E610020F8BD30B503681360B3
:10ACC0000579046804EBC504A34202D36FF00100C8
:10ACD00030BD5C798C4201D00833F0E70020F7E703
:10ACE0004368C1F34B101B6801F01F01C0580123DA
:10ACF0008B40034214BF01230023002013707047D0
:10AD000010B54368C1F34B101A680123845801F051
:10AD10001F018B4023438350002010BD012210B53A
:10AD20004368C1F34B14186801F01F0123588A408F
:10AD300023EA02032350002010BD38B504460D4617
:10AD4000FFF7DEFF29462046FFF7E8FF002038BD69
:10AD5000036882B00193019B43680193019B02B099
:10AD6000704737B50269436810680D461C68D9689A
:10AD70008368DB68B3B101AA9847002812DB192267
:10AD8000019BAD0053436422B3FBF5F1B1FBF2F03C
:10AD900002FB10131B013233B3FBF2F303EB00137E
:10ADA0009BB2A36003B030BD08B543681868026861
:10ADB0000368C2F3C002D907036848BF42F0020229
:10ADC0009B07036848BF42F004025907036848BF65
:10ADD00042F02002DB0542BF6FF4807342F00802AC
:10ADE0000360D10701D5FFF7B3FF930701D5FFF744
:10ADF000AFFF510701D5FFF7ABFF930601D5FFF772
:10AE0000A7FF104608BD43681A6802F10C0353E817
:10AE1000003F43F0400302F10C0040E800310029FC
:10AE2000F3D1704743681A6802F10C0353E8003FFE
:10AE300023F0400302F10C0040E800310029F3D177
:10AE4000704743681B68186810F080001CBFD86802
:10AE5000C0F38010704743681B681868C0F3801007
:10AE6000704743681A6802F10C0353E8003F43F04F
:10AE7000200302F10C0040E800310029F3D17047B3
:10AE800043681A6802F10C0353E8003F23F02003E3
:10AE900002F10C0040E800310029F3D1704743680B
:10AEA0001B681868C0F34010704743681B681A6835
:10AEB000910602D5DA68920607D4186810F04000AF
:10AEC00004D0D868C0F3801070470120704701207B
:10AED00070470369C3E902127047026993680BB1B6
:10AEE000D16818477047002208B525201146FAF7A7
:10AEF0004BFEBDE808402520FAF724BE10B5436894
:10AF000010201B681A681206FCD5EFF3118280F33B
:10AF10001288BFF36F8F1C68240604D482F3118853
:10AF2000BFF36F8FEEE7596082F31188BFF36F8F25
:10AF300010BD08B54368186803681A0701D5FFF704
:10AF400007FF03689B0649BF43684FF0FF300020AE
:10AF50000B7008BD70B543681D68EC68EB6814F4AD
:10AF6000805403D013F4C06F12D00024E3B29A428D
:10AF7000184602DD2E68B60600D470BD6868C85455
:10AF80002B681B0702D52846FFF7E2FE0134EDE7E8
:10AF90006FF08500F1E7F0B543681B68DC68D8689E
:10AFA000E40402D510F4C06F1BD0186810F08000C4
:10AFB0000FD0EFF31186102080F31288BFF36F8F4C
:10AFC0000024E5B2AA42284604DC86F31188BFF3C8
:10AFD0006F8FF0BD1F6801343F06F6D5485D58609D
:10AFE000EFE76FF08500F4E703695B681B680B60AF
:10AFF00043681B68DB6803F4C063B3F5806F2FD030
:10B00000A3F5C06CDCF1000343EB0C030B71436848
:10B010001B681B6903F44053B3F5805F22D0B3F57E
:10B02000405F21D0002B0CBF012303234B714368E9
:10B030001B68DA68DB68D20403F4C06316D5002B02
:10B0400014BF032304238B71436800201B685B69D2
:10B0500003F44073A3F5407253425341CB717047E0
:10B060000223D3E70023E1E70223DFE7002B14BF2D
:10B0700002230323E7E77047F0B5044687B010B317
:10B0800090F8A93203F0FF021BB980F8A822FFF75D
:10B09000F2FF032325466E4684F8A93255F8100BBB
:10B0A00000F0CEF90FCD0FC62B6825463360271D63
:10B0B00055F8100B97E80E0000F0B2F9064630B1D3
:10B0C000022384F8A9320125284607B0F0BD0146C5
:10B0D000206800F0BFF931464FF0010E28260A46DD
:10B0E000D4F804C0C8B2844501F101011DD8002183
:10B0F00028260A46C8B2844501F1010121D80FCDA6
:10B100006E460FC62B683360206897E80E0000F08B
:10B11000A3F905460028D3D1012384F82400206830
:10B1200084F8A93200F0FEFACEE706FB0043C3E93B
:10B130000E2283F829E083F8280083F82B201A6474
:10B14000D0E706FB0043C3E95E2283F8692183F858
:10B15000680183F86B21C3F88021CBE738B590F8FC
:10B16000A8320446012B10D0012580F8A8520068AF
:10B1700000F05DF92946204600F048F9206800F00B
:10B18000CFFA002084F8A80238BD0220FCE710B5F1
:10B1900090F8A8320446012B10D0012380F8A83281
:10B1A000006800F04DF90021204600F02FF92068DA
:10B1B00000F0B8FA002084F8A80210BD0220FCE7D5
:10B1C000704710B590F8A8220446012A0BD001223E
:10B1D00080F8241080F8A822006800F09BFA002074
:10B1E00084F8A80210BD0220FCE711F0800F70B5B2
:10B1F000054601F007004FF028011AD0012400FB9A
:10B20000011129444C70022BCB7008BF0023087039
:10B2100008BF0B710A6195F8A832012B13D00123E6
:10B22000286885F8A832FCF705FC002085F8A802FC
:10B2300070BD002601FB00F404F5B4712C442944D0
:10B2400084F86961DFE70220F2E711F0800F10B5A2
:10B2500001F0070204464FF0280113D0012302FB3E
:10B26000011101444B700A7094F8A832012B13D0DD
:10B270000123206884F8A83200F002F9002084F845
:10B28000A80210BD01FB02F303F5B47101440344AD
:10B29000002083F86901E6E70220F2E770B5282470
:10B2A000002601F007014C430519C5E95F2385F825
:10B2B0006811C5F8846185F8696104F5B4710144C9
:10B2C000006800F047FA304670BD282301F00701FE
:10B2D00003FB0100D0F88401704770B501F0070549
:10B2E000282101FB05040026C4E90F23012205FBE8
:10B2F000011184F84C20A364666484F8292084F842
:10B3000028500144006800F025FA304670BD38B579
:10B31000436801F007059D42044628D811F0800FCC
:10B320004FF028031AD005FB0333C11801234B70DB
:10B3300001230D708B7094F8A8229A4219D02068CE
:10B3400084F8A83200F07BF925B9206804F52C7147
:10B3500000F0EEF9002084F8A80238BD00224B432B
:10B3600003F5B4710344014483F86921E0E7012047
:10B37000F3E70220F1E738B5436801F00F029A4283
:10B38000044626D811F0800F01F007024FF0280183
:10B3900015D0012302FB011101444B7000250A70F6
:10B3A0008D7094F8A832012B15D00123206884F801
:10B3B000A83200F064F9284684F8A85238BD01FB91
:10B3C00002F303F5B47101440344002083F86901DA
:10B3D000E4E70120F2E70220F0E710B5282411F09D
:10B3E000800F1BBF01F0070101FB044404FB0100B7
:10B3F000001908BF00F5B47099B21AB90273C18080
:10B40000002010BD012283600273F9E7704700231A
:10B410004FF0FF320380C0E90223436003617047AD
:10B4200084B001A880E80E0004B0002070470346F5
:10B430004FF43F420020A3F84400A3F84020704797
:10B44000B0F8403023F47C535B045B0CA0F8403030
:10B45000002070470020704784B010B5044603A850
:10B4600080E80E0000200123A4F84030A4F840003A
:10B47000A4F84400A4F85000BDE8104004B07047A0
:10B4800010B50C7B4B780A78002C3DD113B330F803
:10B4900022305C060DD530F8223023F4E04323F04F
:10B4A00070031B041B0C43F4004343F0C00320F85B
:10B4B00022300A7830F8223023F4E04323F04003AE
:10B4C0001B041B0C43F4004343F0800320F822309C
:10B4D000002010BD30F822305B040DD530F822304A
:10B4E00023F4E04323F070031B041B0C43F440439C
:10B4F00043F0800320F822300A7830F8223023F419
:10B50000804323F07003DBE7002B4ED130F822306C
:10B510005C040DD530F8223023F4E04323F07003AF
:10B520001B041B0C43F4404343F0800320F82230FB
:10B530000A7830F822305B060DD530F8223023F43B
:10B54000E04323F070031B041B0C43F4004343F05F
:10B55000C00320F822300A7830F8223023F4E04388
:10B5600023F070031B041B0C43F4004343F0C0039F
:10B5700020F8223048F280020C7830F8243023F48E
:10B58000804323F070031B041B0C134320F824306A
:10B59000097830F8213023F4E04323F040031B0402
:10B5A0001B0C1A4320F8212092E730F822305C046B
:10B5B0000DD530F8223023F4E04323F070031B0450
:10B5C0001B0C43F4404343F0800320F822300A78F8
:10B5D00030F822305B060DD530F8223023F4E043FA
:10B5E00023F070031B041B0C43F4004343F0C0031F
:10B5F00020F822300A7830F8223023F4E04323F098
:10B6000070031B041B0C43F4404343F0800320F8F9
:10B61000223048F280020C7830F8243023F4E043E2
:10B6200023F040031B041B0C134320F8243009783B
:10B6300030F8213023F4804323F07003AFE74B78D8
:10B640000A788BB130F8223023F4E04323F0400332
:10B650001B041B0C83F0100343F4004343F08003EE
:10B6600020F822300020704730F8223023F4804345
:10B6700023F070031B041B0C83F48053ECE70B7B5B
:10B6800043BB4B780A783BB330F822305B060DD5CC
:10B6900030F8223023F4E04323F070031B041B0C2A
:10B6A00043F4004343F0C00320F82230CB78012B51
:10B6B00010D00A7830F8223023F4E04323F040031E
:10B6C0001B041B0C83F0200343F4004343F080036E
:10B6D00020F822300020704730F822305B040DD56E
:10B6E00030F8223023F4E04323F070031B041B0CDA
:10B6F00043F4404343F0800320F822300A7830F8C6
:10B70000223023F4804323F070031B041B0C83F4CA
:10B710004053D9E711B98023A0F84C30002070477E
:10B720000020704700207047B0F8440080B2704796
:10B730000020704700EB4200013300F580605B0899
:10B7400000EB8303834200D1704731F8022B20F8CD
:10B75000042BF7E7F8B50C46497805460129227B0A
:10B7600040F084812769A669BE4228BF3E460ABBD5
:10B77000B6B2E28861693346FFF7DCFFB5F85000E6
:10B78000217880B205F20442090102448E522278E7
:10B7900035F8223023F4E04323F040031B041B0C54
:10B7A00083F03003002043F4004343F0800325F886
:10B7B0002230F8BDE278236A022A217840F03F81E6
:10B7C0009F4280F0228130F8213023F4E04323F0BF
:10B7D00070031B041B0C43F4014343F0800320F867
:10B7E0002130236A22789B1B236230F82210B3B2E7
:10B7F00011F0400F617800F08680002960D1B0F828
:10B80000501000F20C4089B208441201815A3E2EB9
:10B81000C1F30901815246D9F106815A4FEA561700
:10B8200008BF07F1FF3789B241EA87216FEA41413A
:10B830006FEA514189B28152628961692846FFF7F6
:10B8400079FF6369226A33446361236961789A42AC
:10B850008ABF931B00233246236293B2002946D14C
:10B86000B5F850602078B6B205F2044100013144C9
:10B87000465A3E2AC6F3090646522CD95609D20624
:10B88000425A08BF06F1FF3692B242EA86226FEAB8
:10B8900042426FEA524292B242522289284661697C
:10B8A000FFF748FF73E70EB9815ABFE7F107815AE6
:10B8B0004FEA560748BF013789B241EA8721B9E705
:10B8C0000129B9D1B0F8500005F20C4180B2014411
:10B8D00012018B52B0E70AB9425AD8E75608D70787
:10B8E000425A48BF013692B242EA8622D3E7012982
:10B8F000D3D1B5F85000217880B205F20442090195
:10B9000002448B52C9E700295CD1B0F8501000F214
:10B91000044089B208441201815A3E2EC1F3090144
:10B92000815242D9F106815A4FEA561708BF07F1F2
:10B93000FF3789B241EA87216FEA41416FEA5141FD
:10B9400089B28152228961692846FFF7F3FE636953
:10B95000226A33446361236961789A428ABF931BE8
:10B9600000233246236293B2002942D1B5F85060D9
:10B970002078B6B205F20C4100013144465A3E2A05
:10B98000C6F30906465228D95609D706425A08BFB7
:10B9900006F1FF3692B242EA86226FEA42426FEA2D
:10B9A000524292B24252628978E70EB9815AC3E795
:10B9B000F107815A4FEA560748BF013789B241EA79
:10B9C0008721BDE70129BDD1B0F8500005F204413F
:10B9D00080B2014412018B52B4E70AB9425ADCE743
:10B9E0005608D207425A48BF013692B242EA86222E
:10B9F000D7E70129D7D1B5F85000217880B205F2F8
:10BA00000C42090102448B52CDE730F821209BB251
:10BA100022F4E24222F070021204120C42F40042BC
:10BA200042F0800220F82120B0F850602178B6B2B0
:10BA300000F20442090132445352228910E09B1B58
:10BA4000236230F82120B3B2B0F8506057064FEAB5
:10BA50000111B6B206D500F20C423244535262894B
:10BA600061691DE700F204423244E5E752BBA36975
:10BA700021698B4288BF5A1AA261B0F8500088BF72
:10BA80000B46217880B205F20C4209010244885A23
:10BA90003E2BC0F30900885209D95809DE068B5A9B
:10BAA00008BF00F1FF309BB243EA802303E0002B84
:10BAB00040F0D7808B5A6FEA43436FEA53439BB2FF
:10BAC0008B525DE0E378022B40F08A80E9B9B0F850
:10BAD000503021789BB200F2044209011A448B5A7B
:10BAE000C3F309038B5223693E2B55D95809DE064F
:10BAF0008B5A08BF00F1FF309BB243EA80236FEA04
:10BB000043436FEA53439BB28B5262782378002AF7
:10BB10005AD1B5F8502005F20C4192B211441B01E4
:10BB2000CA5AC2F30902CA5222693E2A40D95009B0
:10BB3000D706CA5A08BF00F1FF3092B242EA80220B
:10BB40006FEA42426FEA524292B2CA52E3692278E5
:10BB5000B3B144F2400335F8221003EA01008B43ED
:10BB600000D068B935F8223023F4E04323F07003A5
:10BB70001B041B0C43F4004343F0C00325F82230A0
:10BB8000227835F8223023F4804323F070031B041D
:10BB90001B0C83F4405305E60BB98B5AAFE75808EA
:10BBA000DB078B5A48BF01309BB243EA8023AAE7E8
:10BBB0000AB9CA5AC4E75008D607CA5A48BF013062
:10BBC00092B242EA8022BFE7012ABFD1B5F85010F5
:10BBD00005F20C4289B20A44218A1B01D152B5E711
:10BBE000012B51D1A3692269934294BF0020981A76
:10BBF000A06188BF1346E9B9B5F85020207892B209
:10BC000005F2044100011144425A3E2BC2F30902DD
:10BC100042521AD9DA06425A4FEA531608BF06F1C1
:10BC2000FF3692B242EA86226FEA42426FEA5242FD
:10BC300092B2425261782278E1B9B5F8500005F22B
:10BC40000C4180B20144120121E70BB9425AEBE7E3
:10BC5000425A5E08DF0748BF013692B242EA8622A6
:10BC6000E6E75808DB078B5A48BF01309BB243EA2E
:10BC7000802324E7012983D1B5F8500005F20C4157
:10BC800080B2014412011AE7012092E500EB420064
:10BC9000F0B500F580605D080C4607462E4602347C
:10BCA00036B9DB0744BF30F8253001F81530F0BD58
:10BCB00037F8042B013E92B204F8022C120A04F861
:10BCC000012CECE738B5044648B1FBF73BF94823B3
:10BCD00005465C43FBF736F9431BA342FAD338BD54
:10BCE000704740B1C368587810F001001EBF187843
:10BCF000B0FA80F040097047EFF31183102383F30B
:10BD00001288BFF36F8FFEE708B5FFF7F5FF10B598
:10BD1000D0E9003433B90020E268537843F00103DE
:10BD2000537010BD204698470028F4D00028B8BFB3
:10BD30004042FF28A8BFFF20E3681870ECE700F03E
:10BD40006BBA00F05BBA7047102408B5EFF31183AB
:10BD500084F31288BFF36F8FFEF7FDFBF6E790F9CF
:10BD60000E308B4201D0FCF737BD002070473AB14E
:10BD70008A4205D3C0E90212C0E9000000207047E2
:10BD80006FF015007047012302688B4022EA03031D
:10BD9000036022FA01F000F00100704720B1002298
:10BDA0007830114600F037B9704773B50446EFF3A9
:10BDB0001185102383F31288BFF36F8F0023A0F146
:10BDC0001006032104380193FFF7DDFF28B1A369B2
:10BDD000304601A90193FCF79FFA85F31188BFF360
:10BDE0006F8F02B070BD38B504460D461022002199
:10BDF00000F012FA656038BD13B501900846EFF304
:10BE00001184102383F31288BFF36F8F01A9FCF70D
:10BE100083FA84F31188BFF36F8F02B010BD10B5A1
:10BE2000FFF7EAFF041E08DDEFF31180102383F310
:10BE30001288BFF36F8FFCF743FD204610BD38B565
:10BE400030220D460021044600F0E6F94FF48073DD
:10BE50006560E36038BDEFF30580003818BF01204E
:10BE600070476FF057007047FCF70CBDD0E9003207
:10BE700013605A600023C0E90033704708B5FFF72C
:10BE8000F5FF437B23F0020343730023836008BD67
:10BE900038B504460D46FCF781FB637B43F0020393
:10BEA0006373E5B1A5602B689D4209D16B68C4E955
:10BEB00000531C606C6012E06A689A42F6D01B68FE
:10BEC000002BF3D094F90E2093F90E108A42F3D090
:10BED0009142F1DD5A68C4E9003214605C6038BDFB
:10BEE00010B5EFF31184102383F31288BFF36F8F23
:10BEF000FCF76CFB84F31188BFF36F8F10BD10B596
:10BF00000446183000F0A9F8EFF31181102383F3F1
:10BF10001288BFF36F8F627B1A4004D081F31188BF
:10BF2000BFF36F8F10BD2046BDE81040FCF782BB09
:10BF300038B50446EFF31185102383F31288BFF35D
:10BF40006F8F437B13F0280F0BD183680BB1FFF782
:10BF500095FF637B51B903F0FB0320466373FCF745
:10BF600035FB85F31188BFF36F8F38BD03F0EB030A
:10BF7000F3E701211838FFF7DBBF38B5EFF3118580
:10BF8000102383F31288BFF36F8F0468A0420DD093
:10BF900034B12046FFF772FF04F1180000F05DF89D
:10BFA00085F31188BFF36F8F204638BD0024F7E773
:10BFB000C117633008B54FF064024FF0000341F140
:10BFC0000001F4F7E5F8C117FCF708FD64235843B6
:10BFD00008BDEFF31181102282F31288BFF36F8F37
:10BFE000027BD2070CD581F31188BFF36F8F00233A
:10BFF00083F31188BFF36F8F0423184602DF704765
:10C00000437B1B0704D581F31188BFF36F8F704703
:10C010000122FCF70FBB38B5EFF31185102383F332
:10C020001288BFF36F8F0468A04212D09CB1E16602
:10C0300062612046FFF722FF04F1180000F00DF8BE
:10C040002046FCF7C3FA012085F31188BFF36F8FF8
:10C0500038BD0020F8E72046F6E710B5EFF311846D
:10C06000102282F31288BFF36F8F03683BB1FCF795
:10C07000D9FD002084F31188BFF36F8F10BD6FF0DE
:10C080001500F7E708B5FCF7EBFE08BDFCF7E8BEC6
:10C09000704710B56AB10139841810F8012B11F8F6
:10C0A000013F9A4203D1A04201D0002AF5D1D01A13
:10C0B00010BD1046FCE7024610B501448A42134603
:10C0C00003D01C780132002CF8D1181A10BDF0B53D
:10C0D00004461046C3F13707FFB203F01F03082BD5
:10C0E000E6B233D0102B3ED06508A40844EA817430
:10C0F00045EAC1752D194FEA910242EB5102290917
:10C1000041EA02716D1842EB1212290A41EA0261FA
:10C110006D1842EB1222290C41EA02416D1842EBE4
:10C120001242AD1842F10002EC0844EA4274D10810
:10C1300004EB8402A6EB4205EDB2092D0CD90134C3
:10C14000A5F10A0541F10001EDB212E0E40844EA6C
:10C15000417406F00705C908303554EA010200F8B9
:10C16000015BBCD1F0BD240944EA017406F00F055F
:10C170000909092D84BFED19EDB2EDE710B50C46A4
:10C1800000F05FF80028A2BF23680133236010BDD0
:10C19000BDF8001068B111F0100F01D002707047A7
:10C1A00011F0080F02D0C0E9002370474B0701D5FA
:10C1B000026070478B06FBD50280704710B51446AD
:10C1C00000F071F80028A2BF236803F1FF33236059
:10C1D00010BD70B505460E4631462846FFF7CEFF26
:10C1E000041E09DB202CF7D0A4F10903042BF3D99A
:10C1F00032462946FFF7E2FF204670BD0A449142CD
:10C2000000F1FF3300D1704710B511F8014B914296
:10C2100003F8014FF9D110BD03460244934200D107
:10C22000704703F8011BF9E70346C9B2184613F833
:10C23000012B12B18A42F9D17047002918BF0020A2
:10C24000704710B583780446DB0717D54FF000021E
:10C25000D4E85F3FC4E8512F0029F9D19BB213B154
:10C26000581EC0B20CE0A36898470028F9DA0130E4
:10C2700014BF08220422A3781343A3704FF0FF30A9
:10C2800010BD02690346107810B101321A6170477F
:10C290006FF001007047D1E9043293421EBF5A1C6F
:10C2A0000A61187070478B78DA0702D44FF0FF30BC
:10C2B0007047431CFAD0BFF35B8FC0B2431CD1E878
:10C2C0005F2F002A04D1C1E85C3FBCF1000FF6D11A
:10C2D000BFF35B8FEAD18B7823F008038B70704734
:0CC2E0000148006870470000D40F0020E7
:08C2EC00D83EFF7F01000000B5
:10C2F400F5440008000000004D63000884C30008F2
:10C30400E1440008000000000000000098C3000899
:10C314006167000810C4000861670008FCC30008D6
:10C3240061670008E8C300087BA50008ACC30008E7
:10C3340061670008D4C3000861670008C0C300082F
:10C34400816C000838C400082555000824C400087E
:10C35400B16600084CC40008816D000800000000AC
:10C36400CD5C000800000000195700080000000020
:10C37400918E0008000000005564000800000000D1
:10C384008ED20008000000003CC7000858010020BD
:10C3940000000000E9D20008D0C80008D4C8000892
:10C3A400660100200000000070D2000800000000B8
:10C3B4000000000056010020E80F0020A3D200086E
:10C3C40008C800086CC800085C010020D4170020CD
:10C3D400B1D200081CC800086CC800085E01002027
:10C3E400E4170020BFD2000830C800086CC8000859
:10C3F40060010020F4170020CDD2000844C80008D2
:10C404006CC800086201002004180020DBD2000878
:10C4140058C800086CC800086401002014180020E3
:10C424004BD2000844020020C0C60008540100207A
:10C4340000000020FAD20008E4C8000834C900084B
:10C4440068010020200100209BD2000858C7000882
:0CC4540088C700085A010020C017002013
:10C460000000000041A500080000000041A50008F0
:10C470000000000041A500080000000041A50008E0
:10C480000000000041A500080000000041A50008D0
:10C490006ED20008F15C00086CD20008F15C000864
:10C4A0006AD20008F15C000868D20008F15C00085C
:10C4B00066D20008F15C00080000000041A50008F9
:10C4C0000000000041A500080000000041A5000890
:10C4D0000000000041A500080000000041A5000880
:10C4E0000000000041A500080000000041A5000870
:10C4F0000000000041A500080000000041A5000860
:10C50000000000005D5E00080000000041A500087A
:10C510000000000041A5000864D20008F15C00089A
:10C520000000000041A500080000000041A500082F
:10C530000000000041A500080000000041A500081F
:10C540004CC400081FA900080000000041A5000815
:10C550000000000041A500080000000041A50008FF
:10C560000000000041A500080000000041A50008EF
:10C570000000000041A500080000000041A50008DF
:10C580000000000041A5000838C40008DBAE000828
:10C590000000000041A500080000000041A50008BF
:10C5A00062D20008F15C00080000000041A500080C
:08C5B0000000000041A5000895
:10C5B80068020020801800200004000019180008F4
:10C5C800000000000000000000000000FFFFFFFF67
:10C5D80000000000EDC90008FFFFFFFFFFFFFFFF9D
:10C5E800D2CD0008D7CD0008DBCD0008E1CD00088A
:10C5F800EACD0008F5CD0008FBCD000801CE000803
:10C6080005CE000861CD00086BCD000877CD000885
:10C6180082CD000890CD0008A0CD0008ABCD000861
:10C62800B6CD0008C7CD000831D3000800010000CE
:10C6380000C2010000000800E8C300080D00010066
:10C6480010C400080300100010C400080400100003
:10C65800FCC3000800001000FCC300080100100023
:10C66800FCC300080A001000FCC300080B001000FF
:10C6780010C400080000000010C4000801000000F9
:10C6880010C400080200010010C4000808000000DF
:10C69800FCC300080F000000FCC300080E000100E6
:10C6A80010C400080600000010C4000807000000BD
:10C6B800FCC300080D0001001BA50008B1550008C7
:10C6C8000000000095A30008ADA300083554000839
:10C6D800C7A40008C15300080FA3000819A3000845
:10C6E800A153000827A300080000000031A3000898
:10C6F800000000000000000039A3000857A300084C
:10C708005BA3000809A4000863A300081CC700086D
:10C718000100000024C70008020000002D000000EE
:10C728000000000031000000000000001C000000B4
:10C7380000008000D9A6000811A70008000000002A
:10C748000D63000835A700080000000063A7000873
:10C75800FFFF00000000000001040000A0170020F7
:10C7680000000040470000001C000000010000001D
:10C7780009A900081C00000098C300080002000076
:10C788004DA800085DA8000875A800080000000072
:10C7980035650008A564000881A80008E5A9000817
:10C7A8006DA80008F5A80008FBA8000803A9000860
:10C7B800DDA70008E5A70008EDA70008F5A7000811
:10C7C80007A800081BA800082FA8000843A800080D
:10C7D800FDA7000811A8000825A8000839A8000826
:10C7E800CDA70008D1A70008D5A70008D9A7000839
:10C7F800BDA70008C1A70008C5A70008C9A7000869
:10C80800FFFF0000001801400400000018000000AD
:10C8180040000000FFFF000000140140030000007A
:10C828001800000020000000FFFF00000010014079
:10C83800020000001800000010000000FFFF0000C8
:10C84800000C014001000000180000000800000072
:10C85800FFFF000000080140000000001800000071
:10C86800040000001FAC000831AA00083DAA000817
:10C878004FAA000859AA000863AA0008916700088F
:10C8880071AA00080000000010C40008FCC30008DA
:10C89800E8C30008D4C30008C0C3000800000000B3
:10C8A8000000000000000000000000000000000080
:10C8B8000000000000000000000000000000000070
:10C8C800000000000000000000100240E1AC000879
:10C8D80001AD00081DAD00083BAD0008003801405F
:10C8E80098C300088E0100000CC900080100000070
:10C8F80000000000000000000000000014C900084B
:10C90800E7AE000818000000004000001CC900083D
:10C918000100000024C900080200000024100100E2
:10C9280000000000291001000000000033AF0008DB
:10C93800FDAE0008A9AD0008456B0008E9AF000886
:10C9480097AF000855AF000807AE000825AE0008ED
:10C9580043AE000863AE000881AE000857AE000879
:10C968009FAE00089D690008F5690008ABAE000895
:10C97800CFAE0008D3AE00080000000000000000A1
:10C98800F4C20008F4C200085CC3000864C30008CD
:10C9980084C3000884C300080010000000306D6FD5
:10C9A800746F725F6770696F5F6572726F7200751E
:10C9B80073625F6C6F73740074696D65725F657222
:10C9C800726F72006D6F746F725F6661756C740060
:10C9D8004B45455000696E76616C69645F636F6DA5
:10C9E8006D616E640073656E736F725F7469640065
:10C9F800756E7265666572656E636564006A325F3E
:10CA08006775617264007377697463685F747261D3
:10CA18006E736974696F6E5F756E737461626C654D
:10CA28000077616974696E675F737769746368001A
:10CA38007377697463685F696F00626F74685F6CAD
:10CA480061746368656400626F74685F6F70656EB7
:10CA580000636865636B696E675F696E7075747390
:10CA68000072656C656173656400737769746368E7
:10CA78005F7374616C65007377697463685F6E6F68
:10CA8800745F72656164790068656172746265617A
:10CA9800745F6C6F73740074696D655F6275646749
:10CAA800657400706F736974696F6E5F627564672F
:10CAB8006574006A325F6C696D6974007A5F6C69CD
:10CAC8006D6974006A315F6C696D697400736F66B3
:10CAD800745F6C696D697400636F6D706C65746503
:10CAE80000706174685F7374617276656400706168
:10CAF80074685F696E76616C69640063616C5F730A
:10CB08007461727400696E697469616C697A696EBE
:10CB180067007377697463685F756E737461626CBC
:10CB2800650063616C6962726174696F6E5F6661EA
:10CB3800696C6564007363616C655F626F756E64D0
:10CB48007300636F75706C696E675F67656F6D659D
:10CB580074727900636F75706C696E675F626F7568
:10CB68006E647300636F75706C696E675F70726F67
:10CB780062655F6C696D697400636F75706C696E6E
:10CB8800675F70726F62655F73686F727400636F5E
:10CB980075706C696E675F72657065617400636F4C
:10CBA80075706C696E675F6D6561737572656D65CB
:10CBB8006E7400636F75706C696E675F7369676E1A
:10CBC800007A5F636C656172616E636500706172A3
:10CBD8006B5F626F756E647300696E697469616C0E
:10CBE800697A65640073746167655F6572726F72F4
:10CBF800007061726B5F6275646765740065646775
:10CC0800655F6C696D69740073746F70706564003A
:10CC18006D6F76696E67006F6B0053544F500073E9
:10CC2800746F705F005354415455530073657373A8
:10CC3800696F6E0048454C4C4F0073657373696F9C
:10CC48006E5F6368616E676564006A6F6200504179
:10CC58005448006275737900706174685F6C6F6125
:10CC680064696E670053454700706174685F736557
:10CC78007175656E636500746172676574007061D3
:10CC880074685F70726F66696C6500474F00706109
:10CC980074685F6E6F745F6275666665726564005E
:10CCA800706174685F72756E6E696E6700484F4C8C
:10CCB80044004A31004A3200686F6C645F72656AEA
:10CCC800656374656400504F4C005A00706F6C5F68
:10CCD80072656A656374656400434F55504C45003E
:10CCE800636F75706C696E675F636F6E6669670006
:10CCF80047454F4D005350414E005041524B005450
:10CD0800554E4500494E4954006D6963726F7374FE
:10CD1800657000616E676C65007A5F7370616E00A4
:10CD28007061726B007061726B5F73696E67756CAE
:10CD380061720074756E696E6700636F6E6669670D
:10CD480075726174696F6E004D4F5645006D6F7650
:10CD5800655F6275646765740073746F705F75737F
:10CD680065720073746F705F6573636170650073DB
:10CD7800746F705F666F6375730073746F705F6D47
:10CD8800696E696D697A650073746F705F64697341
:10CD9800636F6E6E6563740073746F705F636C6F3E
:10CDA80073650073746F705F7374616C650073747E
:10CDB8006F705F61636B5F74696D656F7574007325
:10CDC800746F705F6D6F64656C0055534552004514
:10CDD800534300464F435553004D494E494D495A18
:10CDE8004500444953434F4E4E45435400434C4F2E
:10CDF8005345005354414C450041434B004D4F446B
:10CE0800454C007B2274797065223A2273746174F0
:10CE18007573222C2270726F746F636F6C223A35AF
:10CE28002C226677223A2253434152415F434152B2
:10CE380054455349414E5F4E435F5635222C22627A
:10CE480075696C64223A2253434152415F4341520F
:10CE5800545F4E435F484F4D455F56355F52392208
:10CE68002C2273657373696F6E223A256C752C22B8
:10CE78006A6F62223A256C752C2275705F6D732279
:10CE88003A256C752C2262757379223A25642C2216
:10CE98007265666572656E636564223A25642C2244
:10CEA80065706F6368223A256C752C22737461670C
:10CEB80065223A25752C22706F73223A5B256C64C3
:10CEC8002C256C642C256C645D2C22676F616C22A8
:10CED8003A5B256C642C256C642C256C645D2C22D3
:10CEE800746F74616C223A5B256C6C752C256C6CC4
:10CEF800752C256C6C755D2C2272616E6765223A03
:10CF08005B256C752C256C752C256C755D2C226643
:10CF18006163746F72223A5B256C752C256C752CD5
:10CF2800256C755D2C226E31223A5B256C752C259B
:10CF38006C752C256C755D2C226E32223A5B256C43
:10CF4800752C256C752C256C755D2C2270686173A9
:10CF580065223A5B25752C25752C25755D2C226379
:10CF6800616C5F6572726F72223A5B25752C25754C
:10CF78002C25755D2C226661696C65645F7068613B
:10CF88007365223A5B25752C25752C25755D2C2239
:10CF98007377697463686573223A25752C22726504
:10CFA800616479223A25752C22686F6C64696E6712
:10CFB800223A25752C22706F6C223A25752C226333
:10CFC8006F6E666C69637473223A25752C227469D6
:10CFD800636B223A256C752C227469636B73223A51
:10CFE800256C752C22726177223A25752C22657280
:10CFF800726F7273223A25752C22696E7075745F90
:10D0080077616974223A25642C227265636F7665AC
:10D01800726564223A256C752C22696E7075745F8E
:10D0280061786973223A25642C22696E7075745F81
:10D038006B696E64223A25752C22696E7075745F6F
:10D0480062697473223A25752C22696E7075745F53
:10D058006174223A256C752C226272696566223ADF
:10D068005B256C752C256C752C256C755D2C2269DF
:10D07800646C655F69676E6F726564223A256C75CA
:10D088002C22676174655F77616974223A25642C84
:10D0980022676174655F61786973223A25752C226D
:10D0A80066616C73655F68697473223A5B256C7599
:10D0B8002C256C752C256C755D2C226D6F64652292
:10D0C8003A25752C2273656C6563746564223A256C
:10D0D800752C22707073223A25752C22646972654A
:10D0E8006374696F6E223A5B25642C25642C256471
:10D0F8005D2C226469725F6C6576656C73223A25D3
:10D10800752C22636F75706C696E675F70706D2225
:10D118003A256C642C22626574615F71223A256C31
:10D12800642C2270726F62655F6461223A256C64B8
:10D138002C2270726F62655F6462223A256C642CDF
:10D1480022636F75706C696E675F726561647922BE
:10D158003A25642C2270617468223A5B25752C2567
:10D16800752C25752C25755D2C2273746172766576
:10D1780064223A256C752C226D6F746F725F65722C
:10D18800726F72223A25642C226661756C74223A99
:10D1980025642C2274696D65725F6C617465223A2E
:10D1A800256C752C2274696D65725F6572726E6F7D
:10D1B800223A25642C22726561736F6E223A222509
:10D1C80073227D0A007B2274797065223A2261639A
:10D1D8006B222C2270726F746F636F6C223A352C3D
:10D1E8002273657373696F6E223A256C752C226AF7
:10D1F8006F62223A256C752C226F70223A222573B1
:10D20800222C226F6B223A25642C22726561736F7F
:10D218006E223A222573227D0A00494E56414C4916
:10D228004400253135730002040404050503020592
:10D2380004033031323334353637383941424344C8
:10D248004546006364635F61636D5F756172743046
:10D2580000757362776F726B71000A060505040129
:10D268000301020101010001696E74657272757033
:10D27800742D636F6E74726F6C6C657240343030ED
:10D288003130343030007263634034303032313002
:10D29800303000636F756E746572006770696F4037
:10D2A8003430303131383030006770696F40343095
:10D2B800303131343030006770696F40343030318C
:10D2C80031303030006770696F403430303130634E
:10D2D8003030006770696F4034303031303830306A
:10D2E8000072657365742D636F6E74726F6C6C6514
:10D2F800720073657269616C403430303133383094
:10D3080030000000000000000000010203040607CE
:10D318000809010202030405060708090A0B0C0D97
:10D328000E0F10106D61696E00737973776F726BF1
:10D338007100286E756C6C29002A666C6F61742AFE
:10D34800006364696E6F70737578585B0000000045
:10D3580000000000000000000000000000000000C5
:10D3680000000000000000000000000000000000B5
:10D3780000000000000000000000000000000000A5
:10D388000000000000000000000000000000000095
:10D398000000000000000000000000000000000085
:10D3A8000000000000000000000000000000000075
:10D3B8000000000000000000000000000000000065
:10D3C8000000000000000000000000000000000055
:10D3D800000000000000000000000000D400002051
:10D3E800B400002000C20100000008000000000096
:10D3F8000000000000000000000000000000000025
:10D40800E7A00008803D00200000000000000000A8
:10D418000000000000000000000000000000000004
:10D42800000400008041002000000000000000000F
:10D4380000000000000000000000000000000000E4
:10D4480000040000895300088000000035510008DE
:10D4580000000000355100088000000061570008F6
:10D468000000000071A50008000000000000000096
:10D478000000000030010020000000000000000053
:10D4880000C20100000103000024F4003C01002058
:10D498003C010020FFFFFFFFFFFFFFFFFFFFFFFF33
:04D4A800FFFFFFFF84
:10D4AC000000000000000000000000000000000070
:06D4BC000000000000006A
:02D4C200FFFF6A
:10D4C4006C0100206C01002000000000000000003E
:04D4D4000E00000046
:10D4D80012010002EF020140E32F060007030102D8
:10D4E800030109020000000100E032080B000202FB
:10D4F80002000009040000010202000005240010D7
:10D508000105240102010424020205240600010782
:10D5180005800310000A09040100020A0000000740
:10D5280005800240000007050002400000040309CE
:10D53800040E035A455048595200000000000030BC
:10D548000353434152412043617274657369616EAC
:10D55800204E4320486F6D65000000000000000069
:10D568000000000000000000000000000000002291
:10D578000330313233343536373839414243444544
:10D58800460000000000000000000000000000004D
:03D5980000000090
:01D59B00FF90
:10D59C0000000000A3010020F1A20008955600082D
:10D5AC0025530008000000000000000003000000EC
:04D5BC00F400002057
:04D5C00015E015E07D
:0400000508005A296C
:00000001FF
